PRAGMA foreign_keys=OFF;
BEGIN TRANSACTION;
CREATE TABLE "django_migrations" ("id" integer NOT NULL PRIMARY KEY AUTOINCREMENT, "app" varchar(255) NOT NULL, "name" varchar(255) NOT NULL, "applied" datetime NOT NULL);
INSERT INTO "django_migrations" VALUES(1,'contenttypes','0001_initial','2015-11-12 22:52:19.828828');
INSERT INTO "django_migrations" VALUES(2,'auth','0001_initial','2015-11-12 22:52:19.857302');
INSERT INTO "django_migrations" VALUES(3,'admin','0001_initial','2015-11-12 22:52:19.876940');
INSERT INTO "django_migrations" VALUES(4,'contenttypes','0002_remove_content_type_name','2015-11-12 22:52:19.934935');
INSERT INTO "django_migrations" VALUES(5,'auth','0002_alter_permission_name_max_length','2015-11-12 22:52:19.958767');
INSERT INTO "django_migrations" VALUES(6,'auth','0003_alter_user_email_max_length','2015-11-12 22:52:19.981240');
INSERT INTO "django_migrations" VALUES(7,'auth','0004_alter_user_username_opts','2015-11-12 22:52:20.005298');
INSERT INTO "django_migrations" VALUES(8,'auth','0005_alter_user_last_login_null','2015-11-12 22:52:20.028805');
INSERT INTO "django_migrations" VALUES(9,'auth','0006_require_contenttypes_0002','2015-11-12 22:52:20.035262');
INSERT INTO "django_migrations" VALUES(10,'sessions','0001_initial','2015-11-12 22:52:20.052476');
INSERT INTO "django_migrations" VALUES(11,'stocks','0001_initial','2015-11-12 22:52:20.141160');
INSERT INTO "django_migrations" VALUES(12,'stocks','0002_auto_20151112_1657','2015-11-12 22:57:54.092142');
INSERT INTO "django_migrations" VALUES(13,'stocks','0003_auto_20151129_1623','2015-11-29 22:24:12.145992');
INSERT INTO "django_migrations" VALUES(14,'stocks','0004_auto_20151129_1625','2015-11-29 22:25:54.267855');
INSERT INTO "django_migrations" VALUES(15,'stocks','0005_auto_20151129_1634','2015-11-29 22:34:45.635694');
INSERT INTO "django_migrations" VALUES(16,'stocks','0006_auto_20151129_1700','2015-11-29 23:00:17.253186');
INSERT INTO "django_migrations" VALUES(17,'stocks','0007_auto_20151129_1700','2015-11-29 23:00:17.379416');
INSERT INTO "django_migrations" VALUES(18,'stocks','0008_auto_20151204_1042','2015-12-04 16:42:08.151380');
INSERT INTO "django_migrations" VALUES(19,'stocks','0009_auto_20151208_1826','2015-12-09 00:32:27.667763');
INSERT INTO "django_migrations" VALUES(20,'stocks','0010_auto_20151209_1312','2015-12-09 19:12:49.390783');
INSERT INTO "django_migrations" VALUES(21,'stocks','0011_auto_20151212_1019','2015-12-12 16:19:04.725686');
INSERT INTO "django_migrations" VALUES(22,'stocks','0012_auto_20151215_1914','2015-12-18 16:32:17.695685');
INSERT INTO "django_migrations" VALUES(23,'stocks','0013_auto_20151215_2202','2015-12-18 16:32:17.783621');
INSERT INTO "django_migrations" VALUES(24,'stocks','0014_auto_20151215_2202','2015-12-18 16:32:17.889122');
INSERT INTO "django_migrations" VALUES(25,'stocks','0015_auto_20151222_1556','2015-12-23 17:36:13.724105');
INSERT INTO "django_migrations" VALUES(26,'admin','0002_logentry_remove_auto_add','2015-12-30 00:37:23.081567');
INSERT INTO "django_migrations" VALUES(27,'auth','0007_alter_validators_add_error_messages','2015-12-30 00:37:23.251660');
INSERT INTO "django_migrations" VALUES(28,'stocks','0016_auto_20151229_1837','2015-12-30 00:37:23.967397');
INSERT INTO "django_migrations" VALUES(29,'stocks','0017_auto_20160103_1624','2016-01-03 22:24:40.180406');
INSERT INTO "django_migrations" VALUES(30,'stocks','0018_auto_20160228_1040','2016-02-28 16:40:50.915978');
CREATE TABLE "auth_group" ("id" integer NOT NULL PRIMARY KEY AUTOINCREMENT, "name" varchar(80) NOT NULL UNIQUE);
INSERT INTO "auth_group" VALUES(1,'Floor');
CREATE TABLE "auth_group_permissions" ("id" integer NOT NULL PRIMARY KEY AUTOINCREMENT, "group_id" integer NOT NULL REFERENCES "auth_group" ("id"), "permission_id" integer NOT NULL REFERENCES "auth_permission" ("id"), UNIQUE ("group_id", "permission_id"));
CREATE TABLE "auth_user_groups" ("id" integer NOT NULL PRIMARY KEY AUTOINCREMENT, "user_id" integer NOT NULL REFERENCES "auth_user" ("id"), "group_id" integer NOT NULL REFERENCES "auth_group" ("id"), UNIQUE ("user_id", "group_id"));
INSERT INTO "auth_user_groups" VALUES(1,3,1);
CREATE TABLE "auth_user_user_permissions" ("id" integer NOT NULL PRIMARY KEY AUTOINCREMENT, "user_id" integer NOT NULL REFERENCES "auth_user" ("id"), "permission_id" integer NOT NULL REFERENCES "auth_permission" ("id"), UNIQUE ("user_id", "permission_id"));
CREATE TABLE "django_content_type" ("id" integer NOT NULL PRIMARY KEY AUTOINCREMENT, "app_label" varchar(100) NOT NULL, "model" varchar(100) NOT NULL, UNIQUE ("app_label", "model"));
INSERT INTO "django_content_type" VALUES(1,'admin','logentry');
INSERT INTO "django_content_type" VALUES(2,'auth','permission');
INSERT INTO "django_content_type" VALUES(3,'auth','group');
INSERT INTO "django_content_type" VALUES(4,'auth','user');
INSERT INTO "django_content_type" VALUES(5,'contenttypes','contenttype');
INSERT INTO "django_content_type" VALUES(6,'sessions','session');
INSERT INTO "django_content_type" VALUES(7,'stocks','stock');
INSERT INTO "django_content_type" VALUES(8,'stocks','floor');
INSERT INTO "django_content_type" VALUES(9,'stocks','player');
INSERT INTO "django_content_type" VALUES(10,'stocks','trade');
INSERT INTO "django_content_type" VALUES(11,'stocks','stocksuggestion');
CREATE TABLE "auth_permission" ("id" integer NOT NULL PRIMARY KEY AUTOINCREMENT, "content_type_id" integer NOT NULL REFERENCES "django_content_type" ("id"), "codename" varchar(100) NOT NULL, "name" varchar(255) NOT NULL, UNIQUE ("content_type_id", "codename"));
INSERT INTO "auth_permission" VALUES(1,1,'add_logentry','Can add log entry');
INSERT INTO "auth_permission" VALUES(2,1,'change_logentry','Can change log entry');
INSERT INTO "auth_permission" VALUES(3,1,'delete_logentry','Can delete log entry');
INSERT INTO "auth_permission" VALUES(4,2,'add_permission','Can add permission');
INSERT INTO "auth_permission" VALUES(5,2,'change_permission','Can change permission');
INSERT INTO "auth_permission" VALUES(6,2,'delete_permission','Can delete permission');
INSERT INTO "auth_permission" VALUES(7,3,'add_group','Can add group');
INSERT INTO "auth_permission" VALUES(8,3,'change_group','Can change group');
INSERT INTO "auth_permission" VALUES(9,3,'delete_group','Can delete group');
INSERT INTO "auth_permission" VALUES(10,4,'add_user','Can add user');
INSERT INTO "auth_permission" VALUES(11,4,'change_user','Can change user');
INSERT INTO "auth_permission" VALUES(12,4,'delete_user','Can delete user');
INSERT INTO "auth_permission" VALUES(13,5,'add_contenttype','Can add content type');
INSERT INTO "auth_permission" VALUES(14,5,'change_contenttype','Can change content type');
INSERT INTO "auth_permission" VALUES(15,5,'delete_contenttype','Can delete content type');
INSERT INTO "auth_permission" VALUES(16,6,'add_session','Can add session');
INSERT INTO "auth_permission" VALUES(17,6,'change_session','Can change session');
INSERT INTO "auth_permission" VALUES(18,6,'delete_session','Can delete session');
INSERT INTO "auth_permission" VALUES(19,7,'add_stock','Can add stock');
INSERT INTO "auth_permission" VALUES(20,7,'change_stock','Can change stock');
INSERT INTO "auth_permission" VALUES(21,7,'delete_stock','Can delete stock');
INSERT INTO "auth_permission" VALUES(22,8,'add_floor','Can add floor');
INSERT INTO "auth_permission" VALUES(23,8,'change_floor','Can change floor');
INSERT INTO "auth_permission" VALUES(24,8,'delete_floor','Can delete floor');
INSERT INTO "auth_permission" VALUES(25,9,'add_player','Can add player');
INSERT INTO "auth_permission" VALUES(26,9,'change_player','Can change player');
INSERT INTO "auth_permission" VALUES(27,9,'delete_player','Can delete player');
INSERT INTO "auth_permission" VALUES(28,10,'is_floor','Is Floor');
INSERT INTO "auth_permission" VALUES(29,10,'add_trade','Can add trade');
INSERT INTO "auth_permission" VALUES(30,10,'change_trade','Can change trade');
INSERT INTO "auth_permission" VALUES(31,10,'delete_trade','Can delete trade');
INSERT INTO "auth_permission" VALUES(32,11,'add_stocksuggestion','Can add stock suggestion');
INSERT INTO "auth_permission" VALUES(33,11,'change_stocksuggestion','Can change stock suggestion');
INSERT INTO "auth_permission" VALUES(34,11,'delete_stocksuggestion','Can delete stock suggestion');
CREATE TABLE "django_session" ("session_key" varchar(40) NOT NULL PRIMARY KEY, "session_data" text NOT NULL, "expire_date" datetime NOT NULL);
INSERT INTO "django_session" VALUES('cj1i8evj89htnboyftieg22wvzqqskhq','ZTFlNWY5ZTIwYzc3NzI0NmE1YjEwNjEyMTJmMmNjYjdiMDI2ZWVmNDp7Il9hdXRoX3VzZXJfaGFzaCI6IjExODAwNjdhMzk1NTdmNzg3YjFlZTU4ZGIzMmU4NmQ4NWU3ZjVlOTUiLCJfYXV0aF91c2VyX2JhY2tlbmQiOiJkamFuZ28uY29udHJpYi5hdXRoLmJhY2tlbmRzLk1vZGVsQmFja2VuZCIsIl9hdXRoX3VzZXJfaWQiOiIxIn0=','2015-11-26 22:53:21.507936');
INSERT INTO "django_session" VALUES('4v03i38m0d2te4k9b8gkt2198unhtqw9','YzlhNDRiOGVmNjk5ZGRmZjAyZjE2Y2I3NzA4Y2Y1NjI2NDQ4ZjQ1YTp7Il9hdXRoX3VzZXJfaWQiOiIxIiwiX2F1dGhfdXNlcl9oYXNoIjoiMTE4MDA2N2EzOTU1N2Y3ODdiMWVlNThkYjMyZTg2ZDg1ZTdmNWU5NSIsIl9hdXRoX3VzZXJfYmFja2VuZCI6ImRqYW5nby5jb250cmliLmF1dGguYmFja2VuZHMuTW9kZWxCYWNrZW5kIn0=','2015-12-02 21:35:40.093854');
INSERT INTO "django_session" VALUES('adfgjrfb7x7gqjz7h8xhm6eb08jjtoiq','NjY4Y2M0MWJkZDZmYjg0YzY1ZjQzOWExZDY1ZTUxMzlhODBjNjcyODp7Il9hdXRoX3VzZXJfYmFja2VuZCI6ImRqYW5nby5jb250cmliLmF1dGguYmFja2VuZHMuTW9kZWxCYWNrZW5kIiwiX2F1dGhfdXNlcl9oYXNoIjoiMTE4MDA2N2EzOTU1N2Y3ODdiMWVlNThkYjMyZTg2ZDg1ZTdmNWU5NSIsIl9hdXRoX3VzZXJfaWQiOiIxIn0=','2015-12-03 00:39:09.117270');
INSERT INTO "django_session" VALUES('hafhgar5dkresyr8eg0np3ss55w93l8r','MmViN2Y2NzI5OTUwMDNiOGYxNmNjYjY0MmU5ZTQ0YjA2MDYyNGM0Njp7Il9hdXRoX3VzZXJfaGFzaCI6IjExODAwNjdhMzk1NTdmNzg3YjFlZTU4ZGIzMmU4NmQ4NWU3ZjVlOTUiLCJfYXV0aF91c2VyX2lkIjoiMSIsIl9hdXRoX3VzZXJfYmFja2VuZCI6ImRqYW5nby5jb250cmliLmF1dGguYmFja2VuZHMuTW9kZWxCYWNrZW5kIn0=','2015-12-24 16:10:25.318923');
INSERT INTO "django_session" VALUES('irtkgsxg2vyevcx5922imqa5tij7a2ll','YTMxMjVkNGZlMmM2MzZiZDdmYTE2ZDNmNDA4NjM2NmM1ZmVlZWI3NDp7Il9hdXRoX3VzZXJfYmFja2VuZCI6ImRqYW5nby5jb250cmliLmF1dGguYmFja2VuZHMuTW9kZWxCYWNrZW5kIiwiX2F1dGhfdXNlcl9pZCI6IjEiLCJfYXV0aF91c2VyX2hhc2giOiIxMTgwMDY3YTM5NTU3Zjc4N2IxZWU1OGRiMzJlODZkODVlN2Y1ZTk1In0=','2015-12-26 16:45:16.270186');
INSERT INTO "django_session" VALUES('51rzi9rjf1zn44xq3plw96osiz40fip5','YzlhNDRiOGVmNjk5ZGRmZjAyZjE2Y2I3NzA4Y2Y1NjI2NDQ4ZjQ1YTp7Il9hdXRoX3VzZXJfaWQiOiIxIiwiX2F1dGhfdXNlcl9oYXNoIjoiMTE4MDA2N2EzOTU1N2Y3ODdiMWVlNThkYjMyZTg2ZDg1ZTdmNWU5NSIsIl9hdXRoX3VzZXJfYmFja2VuZCI6ImRqYW5nby5jb250cmliLmF1dGguYmFja2VuZHMuTW9kZWxCYWNrZW5kIn0=','2015-12-26 17:32:57.981220');
INSERT INTO "django_session" VALUES('qk0ehjihmoyr757x0nic4pgb5elw2zex','MmViN2Y2NzI5OTUwMDNiOGYxNmNjYjY0MmU5ZTQ0YjA2MDYyNGM0Njp7Il9hdXRoX3VzZXJfaGFzaCI6IjExODAwNjdhMzk1NTdmNzg3YjFlZTU4ZGIzMmU4NmQ4NWU3ZjVlOTUiLCJfYXV0aF91c2VyX2lkIjoiMSIsIl9hdXRoX3VzZXJfYmFja2VuZCI6ImRqYW5nby5jb250cmliLmF1dGguYmFja2VuZHMuTW9kZWxCYWNrZW5kIn0=','2015-12-30 00:32:06.036388');
INSERT INTO "django_session" VALUES('xq3tb26d1l7hbo98tj7o4705dzwea1ma','NzExOTFmMThmMzFlZTg2YmNjYjRiZjhhMjRkODdhZjg0YTk0MDM2Mzp7Il9hdXRoX3VzZXJfaGFzaCI6ImQ0Yzc3ODNhZWYyYzg5YjY1YmI5NzAxYTgzNDk5NTViOGI3ZjIzYmMiLCJfYXV0aF91c2VyX2JhY2tlbmQiOiJkamFuZ28uY29udHJpYi5hdXRoLmJhY2tlbmRzLk1vZGVsQmFja2VuZCIsIl9hdXRoX3VzZXJfaWQiOiIyIn0=','2016-01-03 23:36:09.986042');
INSERT INTO "django_session" VALUES('yrvib3hd4y0fq0716rfr17vf2vn42ul1','NjY4Y2M0MWJkZDZmYjg0YzY1ZjQzOWExZDY1ZTUxMzlhODBjNjcyODp7Il9hdXRoX3VzZXJfYmFja2VuZCI6ImRqYW5nby5jb250cmliLmF1dGguYmFja2VuZHMuTW9kZWxCYWNrZW5kIiwiX2F1dGhfdXNlcl9oYXNoIjoiMTE4MDA2N2EzOTU1N2Y3ODdiMWVlNThkYjMyZTg2ZDg1ZTdmNWU5NSIsIl9hdXRoX3VzZXJfaWQiOiIxIn0=','2016-01-03 23:38:48.141508');
INSERT INTO "django_session" VALUES('h9rgwzhl1e9sd0umncwm2t475yg88n9o','YjQzNjMyYjM2NTY0YzA2Mjc1MGI1ZTQyYTMwMzczMmExZjk4OTgyNjp7Il9hdXRoX3VzZXJfaWQiOiIyIiwiX2F1dGhfdXNlcl9iYWNrZW5kIjoiZGphbmdvLmNvbnRyaWIuYXV0aC5iYWNrZW5kcy5Nb2RlbEJhY2tlbmQiLCJfYXV0aF91c2VyX2hhc2giOiJkNGM3NzgzYWVmMmM4OWI2NWJiOTcwMWE4MzQ5OTU1YjhiN2YyM2JjIn0=','2016-01-03 23:41:04.357245');
INSERT INTO "django_session" VALUES('iih378q161xab6olwpp28x5ahdfhgska','OWI4ZDFlZTdlN2VlNzM1NDNjMDliZGQwYWQwYWY0MzdkY2VhMTBjZjp7Il9hdXRoX3VzZXJfaWQiOiIxIiwiX2F1dGhfdXNlcl9iYWNrZW5kIjoiZGphbmdvLmNvbnRyaWIuYXV0aC5iYWNrZW5kcy5Nb2RlbEJhY2tlbmQiLCJfYXV0aF91c2VyX2hhc2giOiIyZDE0MDY2OTNmNDNjYzY4MjA1YTE4MjczMzU5YWFlMjFkNmY2ZjhhIn0=','2016-01-04 01:58:04.922486');
INSERT INTO "django_session" VALUES('xurvv3ud24qb5zmhs6ioq4djnt4hwjqv','OTNlNzNlZmQ1NmU5NWExYjA0OTI1ZWZmZWUxMDgwZjZlMTNkYmYxMzp7Il9hdXRoX3VzZXJfaGFzaCI6IjJkMTQwNjY5M2Y0M2NjNjgyMDVhMTgyNzMzNTlhYWUyMWQ2ZjZmOGEiLCJfYXV0aF91c2VyX2lkIjoiMSIsIl9hdXRoX3VzZXJfYmFja2VuZCI6ImRqYW5nby5jb250cmliLmF1dGguYmFja2VuZHMuTW9kZWxCYWNrZW5kIn0=','2016-01-04 16:37:49.856154');
INSERT INTO "django_session" VALUES('z0cgfjjvlrxrf625aw1pyyz0ogo21k18','YjliZTI4YTlkYTkzMGJiMTAwMTIzNTQwNzRhMjExYTcwMmQxNzA0ODp7Il9hdXRoX3VzZXJfYmFja2VuZCI6ImRqYW5nby5jb250cmliLmF1dGguYmFja2VuZHMuTW9kZWxCYWNrZW5kIiwiX2F1dGhfdXNlcl9pZCI6IjIiLCJfYXV0aF91c2VyX2hhc2giOiJkNGM3NzgzYWVmMmM4OWI2NWJiOTcwMWE4MzQ5OTU1YjhiN2YyM2JjIn0=','2016-01-09 23:23:14.359114');
INSERT INTO "django_session" VALUES('06pj8n3qqz6spbnya5m96h4u214rkezo','YTJiYjkzMDM0NmM4YTE5YjE5ZWVkM2M5ZDg4NDRlZDM4NjdlZDNmMjp7Il9hdXRoX3VzZXJfaGFzaCI6ImU5NTUxMGMyMzdjYjI0NjU2M2EwYTllODliZDE5YmQ3YWQ5NGNhYjQiLCJfYXV0aF91c2VyX2lkIjoiMSIsIl9hdXRoX3VzZXJfYmFja2VuZCI6ImRqYW5nby5jb250cmliLmF1dGguYmFja2VuZHMuTW9kZWxCYWNrZW5kIn0=','2016-01-13 03:54:32.489555');
INSERT INTO "django_session" VALUES('o6v2xzsp37djy08gvl3hcsy48006ycce','ZTJlODE1MzAyMjk4YzE0ODNhYzNkYmE2MGRmNGYzOTJlMjUyNGVlNzp7Il9hdXRoX3VzZXJfaGFzaCI6ImU5NTUxMGMyMzdjYjI0NjU2M2EwYTllODliZDE5YmQ3YWQ5NGNhYjQiLCJfYXV0aF91c2VyX2JhY2tlbmQiOiJkamFuZ28uY29udHJpYi5hdXRoLmJhY2tlbmRzLk1vZGVsQmFja2VuZCIsIl9hdXRoX3VzZXJfaWQiOiIxIn0=','2016-01-14 20:14:04.585002');
INSERT INTO "django_session" VALUES('5c9icaemr7yfgxjkm8wleod714ppa4r2','ZTJlODE1MzAyMjk4YzE0ODNhYzNkYmE2MGRmNGYzOTJlMjUyNGVlNzp7Il9hdXRoX3VzZXJfaGFzaCI6ImU5NTUxMGMyMzdjYjI0NjU2M2EwYTllODliZDE5YmQ3YWQ5NGNhYjQiLCJfYXV0aF91c2VyX2JhY2tlbmQiOiJkamFuZ28uY29udHJpYi5hdXRoLmJhY2tlbmRzLk1vZGVsQmFja2VuZCIsIl9hdXRoX3VzZXJfaWQiOiIxIn0=','2016-01-17 22:33:29.180325');
INSERT INTO "django_session" VALUES('8uwch0ymn3sz8gkzgwk1fl7evb6hhe6e','YTJiYjkzMDM0NmM4YTE5YjE5ZWVkM2M5ZDg4NDRlZDM4NjdlZDNmMjp7Il9hdXRoX3VzZXJfaGFzaCI6ImU5NTUxMGMyMzdjYjI0NjU2M2EwYTllODliZDE5YmQ3YWQ5NGNhYjQiLCJfYXV0aF91c2VyX2lkIjoiMSIsIl9hdXRoX3VzZXJfYmFja2VuZCI6ImRqYW5nby5jb250cmliLmF1dGguYmFja2VuZHMuTW9kZWxCYWNrZW5kIn0=','2016-01-18 15:12:17.843182');
INSERT INTO "django_session" VALUES('pspms2lgyd6sw91euk09ttaxwz2gcnt0','ZTJlODE1MzAyMjk4YzE0ODNhYzNkYmE2MGRmNGYzOTJlMjUyNGVlNzp7Il9hdXRoX3VzZXJfaGFzaCI6ImU5NTUxMGMyMzdjYjI0NjU2M2EwYTllODliZDE5YmQ3YWQ5NGNhYjQiLCJfYXV0aF91c2VyX2JhY2tlbmQiOiJkamFuZ28uY29udHJpYi5hdXRoLmJhY2tlbmRzLk1vZGVsQmFja2VuZCIsIl9hdXRoX3VzZXJfaWQiOiIxIn0=','2016-01-20 19:13:45.698271');
INSERT INTO "django_session" VALUES('hcv9tie5pwspufe1yh3znbrjl1puo497','ZTJlODE1MzAyMjk4YzE0ODNhYzNkYmE2MGRmNGYzOTJlMjUyNGVlNzp7Il9hdXRoX3VzZXJfaGFzaCI6ImU5NTUxMGMyMzdjYjI0NjU2M2EwYTllODliZDE5YmQ3YWQ5NGNhYjQiLCJfYXV0aF91c2VyX2JhY2tlbmQiOiJkamFuZ28uY29udHJpYi5hdXRoLmJhY2tlbmRzLk1vZGVsQmFja2VuZCIsIl9hdXRoX3VzZXJfaWQiOiIxIn0=','2016-01-29 01:17:43.485508');
INSERT INTO "django_session" VALUES('er80og9g95g6x8qilzgt6doy992v2xdz','YTJiYjkzMDM0NmM4YTE5YjE5ZWVkM2M5ZDg4NDRlZDM4NjdlZDNmMjp7Il9hdXRoX3VzZXJfaGFzaCI6ImU5NTUxMGMyMzdjYjI0NjU2M2EwYTllODliZDE5YmQ3YWQ5NGNhYjQiLCJfYXV0aF91c2VyX2lkIjoiMSIsIl9hdXRoX3VzZXJfYmFja2VuZCI6ImRqYW5nby5jb250cmliLmF1dGguYmFja2VuZHMuTW9kZWxCYWNrZW5kIn0=','2016-02-05 03:23:53.616560');
INSERT INTO "django_session" VALUES('6vvsxt0b69pzat7xgpvimn08lvtilbzi','YTJiYjkzMDM0NmM4YTE5YjE5ZWVkM2M5ZDg4NDRlZDM4NjdlZDNmMjp7Il9hdXRoX3VzZXJfaGFzaCI6ImU5NTUxMGMyMzdjYjI0NjU2M2EwYTllODliZDE5YmQ3YWQ5NGNhYjQiLCJfYXV0aF91c2VyX2lkIjoiMSIsIl9hdXRoX3VzZXJfYmFja2VuZCI6ImRqYW5nby5jb250cmliLmF1dGguYmFja2VuZHMuTW9kZWxCYWNrZW5kIn0=','2016-02-05 03:24:43.617380');
INSERT INTO "django_session" VALUES('o1bzuj2w8nvjhxxrkzag4k6s08n033zz','MGQyMmQ2NGRjM2Y1NTVjOTZmNjczNWYwYzFmMTgyZTUwODU2Y2RlYjp7Il9hdXRoX3VzZXJfaWQiOiIxIiwiX2F1dGhfdXNlcl9oYXNoIjoiZTk1NTEwYzIzN2NiMjQ2NTYzYTBhOWU4OWJkMTliZDdhZDk0Y2FiNCIsIl9hdXRoX3VzZXJfYmFja2VuZCI6ImRqYW5nby5jb250cmliLmF1dGguYmFja2VuZHMuTW9kZWxCYWNrZW5kIn0=','2016-02-05 03:57:17.486335');
INSERT INTO "django_session" VALUES('f9dmxs8x99v1prxrriuufgqw1q5rkcfg','MTk5M2Y1NTk1MGEyOGEwY2ZhZWFjZWM5MDczYTg5NmUzYmRlN2YyODp7Il9hdXRoX3VzZXJfYmFja2VuZCI6ImRqYW5nby5jb250cmliLmF1dGguYmFja2VuZHMuTW9kZWxCYWNrZW5kIiwiX2F1dGhfdXNlcl9oYXNoIjoiZTk1NTEwYzIzN2NiMjQ2NTYzYTBhOWU4OWJkMTliZDdhZDk0Y2FiNCIsIl9hdXRoX3VzZXJfaWQiOiIxIn0=','2016-02-05 15:06:25.225921');
INSERT INTO "django_session" VALUES('wnldtkefgzxlh8bozqv4192w8guzmo4j','ZTJlODE1MzAyMjk4YzE0ODNhYzNkYmE2MGRmNGYzOTJlMjUyNGVlNzp7Il9hdXRoX3VzZXJfaGFzaCI6ImU5NTUxMGMyMzdjYjI0NjU2M2EwYTllODliZDE5YmQ3YWQ5NGNhYjQiLCJfYXV0aF91c2VyX2JhY2tlbmQiOiJkamFuZ28uY29udHJpYi5hdXRoLmJhY2tlbmRzLk1vZGVsQmFja2VuZCIsIl9hdXRoX3VzZXJfaWQiOiIxIn0=','2016-02-07 02:44:16.303830');
INSERT INTO "django_session" VALUES('trhcdlz0cocgmdp8l0v7lc8c2hcorray','NjRkZmY2MjA3ZjNkNDc5MTM3YmU4NjNlOGViMDUzNjFhNjQxMDU1MTp7Il9hdXRoX3VzZXJfaWQiOiIxIiwiX2F1dGhfdXNlcl9iYWNrZW5kIjoiZGphbmdvLmNvbnRyaWIuYXV0aC5iYWNrZW5kcy5Nb2RlbEJhY2tlbmQiLCJfYXV0aF91c2VyX2hhc2giOiJlOTU1MTBjMjM3Y2IyNDY1NjNhMGE5ZTg5YmQxOWJkN2FkOTRjYWI0In0=','2016-03-11 02:29:14.323490');
INSERT INTO "django_session" VALUES('q7infg0isefswp2a6nw9eevbrpbhftas','NjRkZmY2MjA3ZjNkNDc5MTM3YmU4NjNlOGViMDUzNjFhNjQxMDU1MTp7Il9hdXRoX3VzZXJfaWQiOiIxIiwiX2F1dGhfdXNlcl9iYWNrZW5kIjoiZGphbmdvLmNvbnRyaWIuYXV0aC5iYWNrZW5kcy5Nb2RlbEJhY2tlbmQiLCJfYXV0aF91c2VyX2hhc2giOiJlOTU1MTBjMjM3Y2IyNDY1NjNhMGE5ZTg5YmQxOWJkN2FkOTRjYWI0In0=','2016-03-11 02:29:23.003644');
INSERT INTO "django_session" VALUES('y2zghbydssdrd4d0tztri9x21bxpu8as','ZGFhODdiMzY3YjBkZDVlNmRhOWVkYTQyN2EzZmI5MGUyNjk3ZWEyNDp7Il9hdXRoX3VzZXJfYmFja2VuZCI6ImRqYW5nby5jb250cmliLmF1dGguYmFja2VuZHMuTW9kZWxCYWNrZW5kIiwiX2F1dGhfdXNlcl9pZCI6IjIiLCJfYXV0aF91c2VyX2hhc2giOiIzODc1M2IzMmZmNTYzNmI1YzM5NWU3MDI4OTcyYjllM2JmYmI3MTIyIn0=','2016-06-16 22:56:18.319575');
INSERT INTO "django_session" VALUES('fthfhnj8d96iefwarfo5rxacfue96uxw','MTk5M2Y1NTk1MGEyOGEwY2ZhZWFjZWM5MDczYTg5NmUzYmRlN2YyODp7Il9hdXRoX3VzZXJfYmFja2VuZCI6ImRqYW5nby5jb250cmliLmF1dGguYmFja2VuZHMuTW9kZWxCYWNrZW5kIiwiX2F1dGhfdXNlcl9oYXNoIjoiZTk1NTEwYzIzN2NiMjQ2NTYzYTBhOWU4OWJkMTliZDdhZDk0Y2FiNCIsIl9hdXRoX3VzZXJfaWQiOiIxIn0=','2016-09-30 17:39:40.038598');
INSERT INTO "django_session" VALUES('1tb5and4suefl9l8gdlzkgc4v5iu8re3','YTJiYjkzMDM0NmM4YTE5YjE5ZWVkM2M5ZDg4NDRlZDM4NjdlZDNmMjp7Il9hdXRoX3VzZXJfaGFzaCI6ImU5NTUxMGMyMzdjYjI0NjU2M2EwYTllODliZDE5YmQ3YWQ5NGNhYjQiLCJfYXV0aF91c2VyX2lkIjoiMSIsIl9hdXRoX3VzZXJfYmFja2VuZCI6ImRqYW5nby5jb250cmliLmF1dGguYmFja2VuZHMuTW9kZWxCYWNrZW5kIn0=','2016-10-19 20:13:52.404690');
INSERT INTO "django_session" VALUES('18mftw25c0y4ndk221ki4z0rkqf13g1z','YTJiYjkzMDM0NmM4YTE5YjE5ZWVkM2M5ZDg4NDRlZDM4NjdlZDNmMjp7Il9hdXRoX3VzZXJfaGFzaCI6ImU5NTUxMGMyMzdjYjI0NjU2M2EwYTllODliZDE5YmQ3YWQ5NGNhYjQiLCJfYXV0aF91c2VyX2lkIjoiMSIsIl9hdXRoX3VzZXJfYmFja2VuZCI6ImRqYW5nby5jb250cmliLmF1dGguYmFja2VuZHMuTW9kZWxCYWNrZW5kIn0=','2016-10-20 01:59:53.995532');
CREATE TABLE "stocks_player" ("id" integer NOT NULL PRIMARY KEY AUTOINCREMENT, "points" integer NOT NULL, "floor_id" integer NOT NULL REFERENCES "stocks_floor" ("id"), "user_id" integer NOT NULL REFERENCES "auth_user" ("id"));
INSERT INTO "stocks_player" VALUES(1,7389,1,1);
INSERT INTO "stocks_player" VALUES(3,4359,1,2);
INSERT INTO "stocks_player" VALUES(8,-1888,1,3);
INSERT INTO "stocks_player" VALUES(20,6370,6,1);
INSERT INTO "stocks_player" VALUES(21,-130,6,3);
INSERT INTO "stocks_player" VALUES(22,3257,6,2);
INSERT INTO "stocks_player" VALUES(25,250,7,3);
INSERT INTO "stocks_player" VALUES(36,2245,12,1);
INSERT INTO "stocks_player" VALUES(37,404,12,3);
INSERT INTO "stocks_player" VALUES(38,482,12,2);
INSERT INTO "stocks_player" VALUES(40,0,7,2);
CREATE TABLE "stocks_floor_stocks" ("id" integer NOT NULL PRIMARY KEY AUTOINCREMENT, "floor_id" integer NOT NULL REFERENCES "stocks_floor" ("id"), "stock_id" integer NOT NULL REFERENCES "stocks_stock" ("id"), UNIQUE ("floor_id", "stock_id"));
INSERT INTO "stocks_floor_stocks" VALUES(92,7,65);
INSERT INTO "stocks_floor_stocks" VALUES(148,6,40);
INSERT INTO "stocks_floor_stocks" VALUES(149,6,41);
INSERT INTO "stocks_floor_stocks" VALUES(150,6,42);
INSERT INTO "stocks_floor_stocks" VALUES(151,6,43);
INSERT INTO "stocks_floor_stocks" VALUES(152,6,47);
INSERT INTO "stocks_floor_stocks" VALUES(153,6,48);
INSERT INTO "stocks_floor_stocks" VALUES(154,6,49);
INSERT INTO "stocks_floor_stocks" VALUES(155,6,50);
INSERT INTO "stocks_floor_stocks" VALUES(156,6,53);
INSERT INTO "stocks_floor_stocks" VALUES(157,6,24);
INSERT INTO "stocks_floor_stocks" VALUES(158,6,26);
INSERT INTO "stocks_floor_stocks" VALUES(159,6,27);
INSERT INTO "stocks_floor_stocks" VALUES(255,1,1);
INSERT INTO "stocks_floor_stocks" VALUES(256,1,2);
INSERT INTO "stocks_floor_stocks" VALUES(257,1,3);
INSERT INTO "stocks_floor_stocks" VALUES(258,1,4);
INSERT INTO "stocks_floor_stocks" VALUES(259,1,5);
INSERT INTO "stocks_floor_stocks" VALUES(260,1,6);
INSERT INTO "stocks_floor_stocks" VALUES(261,1,7);
INSERT INTO "stocks_floor_stocks" VALUES(262,1,8);
INSERT INTO "stocks_floor_stocks" VALUES(263,1,38);
INSERT INTO "stocks_floor_stocks" VALUES(264,1,67);
INSERT INTO "stocks_floor_stocks" VALUES(265,1,13);
INSERT INTO "stocks_floor_stocks" VALUES(266,1,47);
INSERT INTO "stocks_floor_stocks" VALUES(267,1,48);
INSERT INTO "stocks_floor_stocks" VALUES(268,1,17);
INSERT INTO "stocks_floor_stocks" VALUES(281,12,87);
INSERT INTO "stocks_floor_stocks" VALUES(282,12,38);
INSERT INTO "stocks_floor_stocks" VALUES(283,12,4);
INSERT INTO "stocks_floor_stocks" VALUES(284,12,88);
INSERT INTO "stocks_floor_stocks" VALUES(285,12,89);
INSERT INTO "stocks_floor_stocks" VALUES(286,12,90);
INSERT INTO "stocks_floor_stocks" VALUES(287,6,91);
INSERT INTO "stocks_floor_stocks" VALUES(296,12,95);
INSERT INTO "stocks_floor_stocks" VALUES(297,6,96);
CREATE TABLE "stocks_player_stocks" ("id" integer NOT NULL PRIMARY KEY AUTOINCREMENT, "player_id" integer NOT NULL REFERENCES "stocks_player" ("id"), "stock_id" integer NOT NULL REFERENCES "stocks_stock" ("id"), UNIQUE ("player_id", "stock_id"));
INSERT INTO "stocks_player_stocks" VALUES(128,8,8);
INSERT INTO "stocks_player_stocks" VALUES(129,8,4);
INSERT INTO "stocks_player_stocks" VALUES(130,8,2);
INSERT INTO "stocks_player_stocks" VALUES(131,25,65);
INSERT INTO "stocks_player_stocks" VALUES(134,22,48);
INSERT INTO "stocks_player_stocks" VALUES(135,22,41);
INSERT INTO "stocks_player_stocks" VALUES(144,21,40);
INSERT INTO "stocks_player_stocks" VALUES(145,21,24);
INSERT INTO "stocks_player_stocks" VALUES(146,21,42);
INSERT INTO "stocks_player_stocks" VALUES(147,21,43);
INSERT INTO "stocks_player_stocks" VALUES(148,21,26);
INSERT INTO "stocks_player_stocks" VALUES(149,21,27);
INSERT INTO "stocks_player_stocks" VALUES(155,20,49);
INSERT INTO "stocks_player_stocks" VALUES(156,20,50);
INSERT INTO "stocks_player_stocks" VALUES(158,20,53);
INSERT INTO "stocks_player_stocks" VALUES(159,20,47);
INSERT INTO "stocks_player_stocks" VALUES(160,3,48);
INSERT INTO "stocks_player_stocks" VALUES(161,3,17);
INSERT INTO "stocks_player_stocks" VALUES(163,3,47);
INSERT INTO "stocks_player_stocks" VALUES(166,1,67);
INSERT INTO "stocks_player_stocks" VALUES(199,3,13);
INSERT INTO "stocks_player_stocks" VALUES(200,3,38);
INSERT INTO "stocks_player_stocks" VALUES(274,3,3);
INSERT INTO "stocks_player_stocks" VALUES(277,3,7);
INSERT INTO "stocks_player_stocks" VALUES(285,36,4);
INSERT INTO "stocks_player_stocks" VALUES(286,36,88);
INSERT INTO "stocks_player_stocks" VALUES(287,36,89);
INSERT INTO "stocks_player_stocks" VALUES(288,38,38);
INSERT INTO "stocks_player_stocks" VALUES(289,38,90);
INSERT INTO "stocks_player_stocks" VALUES(290,20,91);
INSERT INTO "stocks_player_stocks" VALUES(299,1,1);
INSERT INTO "stocks_player_stocks" VALUES(300,1,6);
INSERT INTO "stocks_player_stocks" VALUES(303,1,5);
INSERT INTO "stocks_player_stocks" VALUES(304,22,96);
INSERT INTO "stocks_player_stocks" VALUES(315,37,95);
CREATE TABLE "stocks_trade_recipientStocks" ("id" integer NOT NULL PRIMARY KEY AUTOINCREMENT, "trade_id" integer NOT NULL REFERENCES "stocks_trade" ("id"), "stock_id" integer NOT NULL REFERENCES "stocks_stock" ("id"), UNIQUE ("trade_id", "stock_id"));
CREATE TABLE "stocks_trade_senderStocks" ("id" integer NOT NULL PRIMARY KEY AUTOINCREMENT, "trade_id" integer NOT NULL REFERENCES "stocks_trade" ("id"), "stock_id" integer NOT NULL REFERENCES "stocks_stock" ("id"), UNIQUE ("trade_id", "stock_id"));
CREATE TABLE "stocks_stocksuggestion" ("id" integer NOT NULL PRIMARY KEY AUTOINCREMENT, "date" datetime NOT NULL, "floor_id" integer NOT NULL REFERENCES "stocks_floor" ("id"), "requesting_player_id" integer NOT NULL REFERENCES "stocks_player" ("id"), "stock_id" integer NOT NULL REFERENCES "stocks_stock" ("id"));
CREATE TABLE "stocks_trade" ("id" integer NOT NULL PRIMARY KEY AUTOINCREMENT, "floor_id" integer NOT NULL REFERENCES "stocks_floor" ("id"), "recipient_id" integer NOT NULL REFERENCES "stocks_player" ("id"), "sender_id" integer NOT NULL REFERENCES "stocks_player" ("id"), "date" datetime NOT NULL);
CREATE TABLE "django_admin_log" ("id" integer NOT NULL PRIMARY KEY AUTOINCREMENT, "object_id" text NULL, "object_repr" varchar(200) NOT NULL, "action_flag" smallint unsigned NOT NULL, "change_message" text NOT NULL, "content_type_id" integer NULL REFERENCES "django_content_type" ("id"), "user_id" integer NOT NULL REFERENCES "auth_user" ("id"), "action_time" datetime NOT NULL);
INSERT INTO "django_admin_log" VALUES(1,'1','ddsnowboard on FirstFloor',2,'Changed stocks.',9,1,'2015-11-12 22:55:23.407520');
INSERT INTO "django_admin_log" VALUES(2,'2','378Test',3,'',8,1,'2015-11-13 16:19:52.886808');
INSERT INTO "django_admin_log" VALUES(3,'2','JoeSchmo',1,'',4,1,'2015-11-13 17:12:47.427520');
INSERT INTO "django_admin_log" VALUES(4,'3','JoeSchmo on FirstFloor',1,'',9,1,'2015-11-13 17:12:54.442541');
INSERT INTO "django_admin_log" VALUES(5,'2','JoeSchmo',2,'Changed email.',4,1,'2015-11-13 17:13:56.918050');
INSERT INTO "django_admin_log" VALUES(6,'3','csal',3,'',8,1,'2015-11-16 02:21:26.527748');
INSERT INTO "django_admin_log" VALUES(7,'13','Communications Sales & Leasing, (CSAL)',2,'Changed company_name.',7,1,'2015-11-17 01:54:13.344372');
INSERT INTO "django_admin_log" VALUES(8,'13','Communications Sales & Leasing, (CSAL)',2,'Changed last_updated and price.',7,1,'2015-11-17 01:54:58.321641');
INSERT INTO "django_admin_log" VALUES(9,'4','csal',3,'',8,1,'2015-11-17 01:58:32.838734');
INSERT INTO "django_admin_log" VALUES(10,'5','FlortyFloor',3,'',8,1,'2015-11-19 02:09:01.046059');
INSERT INTO "django_admin_log" VALUES(11,'1','FirstFloor',2,'Changed stocks.',8,1,'2015-11-19 02:37:12.911979');
INSERT INTO "django_admin_log" VALUES(12,'3','Floor',1,'',4,1,'2015-11-28 23:36:04.699660');
INSERT INTO "django_admin_log" VALUES(13,'2','FloorUser',3,'',3,1,'2015-11-28 23:52:18.474342');
INSERT INTO "django_admin_log" VALUES(14,'3','Floor',2,'Changed groups.',4,1,'2015-11-28 23:52:35.981036');
INSERT INTO "django_admin_log" VALUES(15,'7','Floor on FirstFloor',1,'',9,1,'2015-11-28 23:53:34.548312');
INSERT INTO "django_admin_log" VALUES(16,'7','Floor on FirstFloor',3,'',9,1,'2015-11-28 23:54:32.880451');
INSERT INTO "django_admin_log" VALUES(17,'8','Floor on FirstFloor',1,'',9,1,'2015-11-28 23:54:41.161155');
INSERT INTO "django_admin_log" VALUES(18,'1','FirstFloor',2,'Changed floorPlayer.',8,1,'2015-11-29 22:25:08.748337');
INSERT INTO "django_admin_log" VALUES(19,'2','floorTest',3,'',8,1,'2015-11-29 22:35:11.522482');
INSERT INTO "django_admin_log" VALUES(20,'3','floorTest',3,'',8,1,'2015-11-29 22:35:49.996995');
INSERT INTO "django_admin_log" VALUES(21,'2','JoeSchmo',2,'Changed password.',4,1,'2015-11-29 22:36:59.981932');
INSERT INTO "django_admin_log" VALUES(22,'4','floorTest2',3,'',8,1,'2015-11-29 22:40:02.031848');
INSERT INTO "django_admin_log" VALUES(23,'8','Floor on FirstFloor',2,'Changed stocks.',9,1,'2015-11-29 22:44:34.662134');
INSERT INTO "django_admin_log" VALUES(24,'3','JoeSchmo on FirstFloor',2,'Changed stocks.',9,1,'2015-11-29 22:44:42.113300');
INSERT INTO "django_admin_log" VALUES(25,'1','ddsnowboard on FirstFloor',2,'Changed stocks.',9,1,'2015-11-29 22:44:46.124471');
INSERT INTO "django_admin_log" VALUES(26,'3','Trade from ddsnowboard to Floor on floorTest',3,'',10,1,'2015-11-29 23:14:52.369279');
INSERT INTO "django_admin_log" VALUES(27,'2','Trade from ddsnowboard to Floor on floorTest',3,'',10,1,'2015-11-29 23:14:52.379969');
INSERT INTO "django_admin_log" VALUES(28,'1','Trade from ddsnowboard to Floor on FirstFloor',3,'',10,1,'2015-11-29 23:14:52.385498');
INSERT INTO "django_admin_log" VALUES(29,'5','Trade from ddsnowboard to Floor on FirstFloor',3,'',10,1,'2015-12-01 02:54:59.517704');
INSERT INTO "django_admin_log" VALUES(30,'4','Trade from ddsnowboard to Floor on floorTest',3,'',10,1,'2015-12-01 02:54:59.523155');
INSERT INTO "django_admin_log" VALUES(31,'18','ddsnowboard on floorTest',2,'Changed stocks.',9,1,'2015-12-01 03:03:52.167805');
INSERT INTO "django_admin_log" VALUES(32,'3','Tata Motors Ltd (TTM)',2,'Changed company_name.',7,1,'2015-12-01 03:11:50.339845');
INSERT INTO "django_admin_log" VALUES(33,'7','Trade from ddsnowboard to Floor on FirstFloor',3,'',10,1,'2015-12-01 03:24:03.962572');
INSERT INTO "django_admin_log" VALUES(34,'9','Trade from ddsnowboard to Floor on FirstFloor',3,'',10,1,'2015-12-01 03:29:43.691390');
INSERT INTO "django_admin_log" VALUES(35,'8','Trade from ddsnowboard to Floor on FirstFloor',3,'',10,1,'2015-12-01 03:29:43.702320');
INSERT INTO "django_admin_log" VALUES(36,'11','Trade from ddsnowboard to Floor on FirstFloor',3,'',10,1,'2015-12-01 03:31:05.098854');
INSERT INTO "django_admin_log" VALUES(37,'10','Trade from ddsnowboard to Floor on FirstFloor',3,'',10,1,'2015-12-01 03:31:05.113692');
INSERT INTO "django_admin_log" VALUES(38,'13','Trade from ddsnowboard to Floor on floorTest',3,'',10,1,'2015-12-01 03:33:12.544855');
INSERT INTO "django_admin_log" VALUES(39,'15','Trade from ddsnowboard to Floor on FirstFloor',3,'',10,1,'2015-12-01 03:37:06.316219');
INSERT INTO "django_admin_log" VALUES(40,'14','Trade from ddsnowboard to Floor on FirstFloor',3,'',10,1,'2015-12-01 03:37:06.321932');
INSERT INTO "django_admin_log" VALUES(41,'16','Trade from ddsnowboard to Floor on FirstFloor',3,'',10,1,'2015-12-01 03:37:59.931977');
INSERT INTO "django_admin_log" VALUES(42,'17','Trade from ddsnowboard to Floor on FirstFloor',3,'',10,1,'2015-12-01 03:38:47.111329');
INSERT INTO "django_admin_log" VALUES(43,'18','Trade from ddsnowboard to Floor on FirstFloor',3,'',10,1,'2015-12-01 03:47:09.686660');
INSERT INTO "django_admin_log" VALUES(44,'2','Trade from ddsnowboard to JoeSchmo on FirstFloor',3,'',10,1,'2015-12-05 01:35:36.016200');
INSERT INTO "django_admin_log" VALUES(45,'5','Trade from ddsnowboard to JoeSchmo on FirstFloor',3,'',10,1,'2015-12-08 02:06:07.905177');
INSERT INTO "django_admin_log" VALUES(46,'8','Trade from ddsnowboard to JoeSchmo on FirstFloor',3,'',10,1,'2015-12-08 02:31:50.092946');
INSERT INTO "django_admin_log" VALUES(47,'14','Trade from JoeSchmo to ddsnowboard on FirstFloor',3,'',10,1,'2015-12-08 02:44:05.312664');
INSERT INTO "django_admin_log" VALUES(48,'18','Trade from JoeSchmo to ddsnowboard on FirstFloor',3,'',10,1,'2015-12-08 02:54:39.756735');
INSERT INTO "django_admin_log" VALUES(49,'19','Trade from ddsnowboard to JoeSchmo on FirstFloor',2,'Changed senderStocks.',10,1,'2015-12-08 02:54:56.467129');
INSERT INTO "django_admin_log" VALUES(50,'22','Trade from JoeSchmo to ddsnowboard on FirstFloor',3,'',10,1,'2015-12-08 03:03:21.682406');
INSERT INTO "django_admin_log" VALUES(51,'29','Trade from ddsnowboard to Floor on FirstFloor',3,'',10,1,'2015-12-09 19:04:18.011087');
INSERT INTO "django_admin_log" VALUES(52,'35','Gamestop Corporation Common Sto (GME)',3,'',7,1,'2015-12-09 19:12:59.845607');
INSERT INTO "django_admin_log" VALUES(53,'36','Gamestop Corporation Common Sto (GME)',3,'',7,1,'2015-12-09 19:19:15.185288');
INSERT INTO "django_admin_log" VALUES(54,'37','American Science and Engineerin (ASEI)',3,'',7,1,'2015-12-09 19:19:28.247849');
INSERT INTO "django_admin_log" VALUES(55,'6','PermissiveFloor',2,'Changed name.',8,1,'2015-12-09 19:30:59.973697');
INSERT INTO "django_admin_log" VALUES(56,'5','FloorTest',2,'Changed name.',8,1,'2015-12-09 19:31:07.565467');
INSERT INTO "django_admin_log" VALUES(57,'2','StockSuggestion object',3,'',11,1,'2015-12-09 21:23:29.536897');
INSERT INTO "django_admin_log" VALUES(58,'1','StockSuggestion object',3,'',11,1,'2015-12-09 21:23:29.564890');
INSERT INTO "django_admin_log" VALUES(59,'51','Elbit Imaging Ltd. (EMITF)',3,'',7,1,'2015-12-12 17:37:26.209675');
INSERT INTO "django_admin_log" VALUES(60,'52','iShares S&amp;P Emerging Markets In (EMIF)',3,'',7,1,'2015-12-12 17:48:02.352060');
INSERT INTO "django_admin_log" VALUES(61,'55','Lehman ABS 3.50 3.50% Adjustabl (JBK)',3,'',7,1,'2015-12-12 19:59:53.022803');
INSERT INTO "django_admin_log" VALUES(62,'54','Goldman Sachs Group, Inc. (The) (GS)',3,'',7,1,'2015-12-12 19:59:53.037038');
INSERT INTO "django_admin_log" VALUES(63,'56','Corts 7.625 Pfd Common Stock (KTP)',3,'',7,1,'2015-12-12 20:01:08.779263');
INSERT INTO "django_admin_log" VALUES(64,'57','LookSmart, Ltd. (LOOK)',3,'',7,1,'2015-12-12 20:02:26.601683');
INSERT INTO "django_admin_log" VALUES(65,'66','Berkshire Hathaway Inc. New Com (BRK-B)',3,'',7,1,'2015-12-16 18:57:40.854647');
INSERT INTO "django_admin_log" VALUES(66,'22','JoeSchmo on PermissiveFloor',2,'Changed points.',9,1,'2015-12-18 16:36:02.353664');
INSERT INTO "django_admin_log" VALUES(67,'21','Floor on PermissiveFloor',2,'No fields changed.',9,1,'2015-12-18 16:36:10.299834');
INSERT INTO "django_admin_log" VALUES(68,'21','Floor on PermissiveFloor',2,'Changed points.',9,1,'2015-12-18 16:36:14.453585');
INSERT INTO "django_admin_log" VALUES(69,'20','ddsnowboard on PermissiveFloor',2,'Changed points.',9,1,'2015-12-18 16:36:19.376027');
INSERT INTO "django_admin_log" VALUES(70,'20','ddsnowboard on PermissiveFloor',2,'Changed points.',9,1,'2015-12-18 16:36:23.481750');
INSERT INTO "django_admin_log" VALUES(71,'3','JoeSchmo on FirstFloor',2,'Changed points.',9,1,'2015-12-18 16:36:29.699830');
INSERT INTO "django_admin_log" VALUES(72,'1','ddsnowboard on FirstFloor',2,'Changed points.',9,1,'2015-12-18 16:36:33.849846');
INSERT INTO "django_admin_log" VALUES(73,'1','FirstFloor',2,'Changed num_stocks.',8,1,'2015-12-23 18:51:22.858605');
INSERT INTO "django_admin_log" VALUES(74,'1','FirstFloor',2,'Changed num_stocks.',8,1,'2015-12-23 18:51:33.710120');
INSERT INTO "django_admin_log" VALUES(75,'9','TinyFloor',3,'',8,1,'2015-12-24 19:10:52.575116');
INSERT INTO "django_admin_log" VALUES(76,'63','Trade from JoeSchmo to Floor on TinyFloor',3,'',10,1,'2015-12-26 22:49:36.444845');
INSERT INTO "django_admin_log" VALUES(77,'78','Viacom Inc. (VIA)',3,'',7,1,'2015-12-26 23:20:50.034028');
INSERT INTO "django_admin_log" VALUES(78,'32','JoeSchmo on TinyFloor',2,'Changed stocks.',9,1,'2015-12-26 23:28:56.158053');
INSERT INTO "django_admin_log" VALUES(79,'31','Floor on TinyFloor',2,'Changed stocks.',9,1,'2015-12-26 23:29:02.986811');
INSERT INTO "django_admin_log" VALUES(80,'79','Viacom Inc. (VIA)',3,'',7,1,'2015-12-26 23:29:44.668307');
INSERT INTO "django_admin_log" VALUES(81,'80','Viacom Inc. (VIA)',3,'',7,1,'2015-12-27 00:37:45.019134');
INSERT INTO "django_admin_log" VALUES(82,'81','Viacom Inc. (VIA)',3,'',7,1,'2015-12-27 00:42:17.447162');
INSERT INTO "django_admin_log" VALUES(83,'82','Viacom Inc. (VIA)',3,'',7,1,'2015-12-27 00:54:59.602001');
INSERT INTO "django_admin_log" VALUES(84,'46','Exxon Mobil Corporation Common  (XOM)',3,'',7,1,'2015-12-27 01:04:38.407185');
INSERT INTO "django_admin_log" VALUES(85,'84','Exxon Mobil Corporation Common  (XOM)',3,'',7,1,'2015-12-27 01:06:15.338342');
INSERT INTO "django_admin_log" VALUES(86,'85','Exxon Mobil Corporation Common  (XOM)',3,'',7,1,'2015-12-27 01:08:53.241325');
INSERT INTO "django_admin_log" VALUES(87,'11','PrivateFloor',3,'',8,1,'2015-12-30 00:17:18.680285');
INSERT INTO "django_admin_log" VALUES(88,'13','FloorTest',3,'',8,1,'2016-01-03 22:24:21.119995');
INSERT INTO "django_admin_log" VALUES(89,'13','FloorTest1',3,'',8,1,'2016-01-03 22:30:46.988367');
INSERT INTO "django_admin_log" VALUES(90,'5','FloorTest',3,'',8,1,'2016-01-03 22:30:47.001713');
INSERT INTO "django_admin_log" VALUES(91,'14','Snapple',3,'',8,1,'2016-01-22 15:08:26.094210');
INSERT INTO "django_admin_log" VALUES(92,'15','pollolock',3,'',8,1,'2016-01-22 15:13:31.579063');
INSERT INTO "django_admin_log" VALUES(93,'16','tester',3,'',8,1,'2016-01-22 15:14:43.709015');
INSERT INTO "django_admin_log" VALUES(94,'1','ddsnowboard on FirstFloor',2,'Changed stocks.',9,1,'2016-02-26 01:54:21.841514');
INSERT INTO "django_admin_log" VALUES(95,'1','ddsnowboard on FirstFloor',2,'Changed stocks.',9,1,'2016-02-26 02:09:29.223625');
INSERT INTO "django_admin_log" VALUES(96,'1','ddsnowboard on FirstFloor',2,'Changed stocks.',9,1,'2016-02-26 02:10:15.718215');
INSERT INTO "django_admin_log" VALUES(97,'31','AdvisorShares Sunrise Global Mu (MULT)',3,'',7,1,'2016-10-06 01:57:34.785769');
INSERT INTO "django_admin_log" VALUES(98,'37','Floor on SmallFloor',2,'Changed stocks.',9,1,'2016-10-14 02:14:20.492610');
CREATE TABLE "auth_user" ("id" integer NOT NULL PRIMARY KEY AUTOINCREMENT, "password" varchar(128) NOT NULL, "last_login" datetime NULL, "is_superuser" bool NOT NULL, "first_name" varchar(30) NOT NULL, "last_name" varchar(30) NOT NULL, "email" varchar(254) NOT NULL, "is_staff" bool NOT NULL, "is_active" bool NOT NULL, "date_joined" datetime NOT NULL, "username" varchar(30) NOT NULL UNIQUE);
INSERT INTO "auth_user" VALUES(1,'pbkdf2_sha256$24000$fhB3Hfg3ikUf$oI/kdhdrQt+8fhon2wjXbrzbcPSs1L0xZtYxWcfdnO0=','2016-10-06 01:59:53.989190',1,'','Koster','ddsnowboard@gmail.com',1,1,'2015-11-12 22:53:14.494006','ddsnowboard');
INSERT INTO "auth_user" VALUES(2,'pbkdf2_sha256$24000$kFG33oXBLyZD$/qjAZNSEwcX1RJw4xDpyLa+yYxmkhsvyShYYzI5J3kQ=','2016-06-02 22:56:18.314344',0,'','','joe@test.net',0,1,'2015-11-13 17:12:47','JoeSchmo');
INSERT INTO "auth_user" VALUES(3,'pbkdf2_sha256$20000$wc2Vw3E1yVG6$rDvyeJKSi7WuxIloG2I9eGXeV9JkKqheP3/Xtj2eNPE=',NULL,0,'','','',0,1,'2015-11-28 23:36:04','Floor');
CREATE TABLE "stocks_floor" ("id" integer NOT NULL PRIMARY KEY AUTOINCREMENT, "permissiveness" varchar(15) NOT NULL, "owner_id" integer NULL REFERENCES "auth_user" ("id"), "floorPlayer_id" integer NULL REFERENCES "stocks_player" ("id"), "num_stocks" integer NOT NULL, "public" bool NOT NULL, "name" varchar(35) NOT NULL UNIQUE);
INSERT INTO "stocks_floor" VALUES(1,'open',1,8,10,0,'FirstFloor');
INSERT INTO "stocks_floor" VALUES(6,'permissive',1,21,10,1,'PermissiveFloor');
INSERT INTO "stocks_floor" VALUES(7,'open',1,25,10,1,'George');
INSERT INTO "stocks_floor" VALUES(12,'closed',1,37,3,0,'SmallFloor');
CREATE TABLE "stocks_stock" ("id" integer NOT NULL PRIMARY KEY AUTOINCREMENT, "company_name" varchar(50) NOT NULL, "symbol" varchar(4) NOT NULL, "image" varchar(100) NOT NULL, "price" decimal NOT NULL, "change" decimal NOT NULL, "last_price" decimal NOT NULL, "last_updated" datetime NOT NULL);
INSERT INTO "stocks_stock" VALUES(1,'Apple Inc.','AAPL','/images/default',116.98,-0.36,116.98,'2016-10-14 02:04:04.346562');
INSERT INTO "stocks_stock" VALUES(2,'Tesla Motors, Inc.','TSLA','/images/default',200.5,-1.27,200.5,'2016-10-14 02:04:04.416187');
INSERT INTO "stocks_stock" VALUES(3,'Tata Motors Ltd Tata Motors Lim','TTM','/images/default',40.55,-0.96,40.55,'2016-10-14 02:04:04.449146');
INSERT INTO "stocks_stock" VALUES(4,'Stifel Financial Corporation Co','SF','/images/default',38.38,-0.76,38.38,'2016-10-14 02:04:04.417469');
INSERT INTO "stocks_stock" VALUES(5,'3M Company Common Stock','MMM','/images/default',172.64,0.3,172.64,'2016-10-14 02:04:04.488457');
INSERT INTO "stocks_stock" VALUES(6,'International Business Machines','IBM','/images/default',153.99,-0.57,153.99,'2016-10-14 02:04:04.428187');
INSERT INTO "stocks_stock" VALUES(7,'General Electric Company Common','GE','/images/default',28.78,-0.13,28.78,'2016-10-14 02:04:05.185792');
INSERT INTO "stocks_stock" VALUES(8,'Alphabet Inc.','GOOG','/images/default',778.49,-7.95,778.49,'2016-10-14 02:04:05.780672');
INSERT INTO "stocks_stock" VALUES(9,'Aerie Pharmaceuticals, Inc.','AERI','/images/default',39.66,0.93,20.28,'2016-10-06 01:21:41.595221');
INSERT INTO "stocks_stock" VALUES(10,'ABIOMED, Inc.','ABMD','/images/default',131,0.08,81.92,'2016-10-06 01:21:41.404790');
INSERT INTO "stocks_stock" VALUES(11,'Activision Blizzard, Inc','ATVI','/images/default',45.76,0.4,36.27,'2016-10-06 01:21:41.132201');
INSERT INTO "stocks_stock" VALUES(12,'1347 Capital Corp.','TFSCR','/images/default',0.54,0,0.16,'2016-10-06 01:21:40.831403');
INSERT INTO "stocks_stock" VALUES(13,'Communications Sales & Leasing,','CSAL','/images/default',34,0.63,34,'2016-10-14 02:04:05.692435');
INSERT INTO "stocks_stock" VALUES(14,'Altisource Portfolio Solutions ','ASPS','/images/default',34.5,0.15,28.9,'2016-10-06 01:21:40.587061');
INSERT INTO "stocks_stock" VALUES(15,'Fifth Street Asset Management I','FSAM','/images/default',5.07,-0.02,3.44,'2016-10-06 01:21:40.398453');
INSERT INTO "stocks_stock" VALUES(16,'F5 Networks, Inc.','FFIV','/images/default',125.99,0.76,91.82,'2016-10-06 01:21:40.303301');
INSERT INTO "stocks_stock" VALUES(17,'1-800 FLOWERS.COM, Inc.','FLWS','/images/default',9.12,-0.07,9.12,'2016-10-14 02:04:05.700830');
INSERT INTO "stocks_stock" VALUES(18,'AAON, Inc.','AAON','/images/default',30.48,0.58,21.21,'2016-10-06 01:21:40.003696');
INSERT INTO "stocks_stock" VALUES(19,'Embraer S.A. Common Stock','ERJ','/images/default',17.95,0.54,26.62,'2016-10-06 01:21:39.889438');
INSERT INTO "stocks_stock" VALUES(20,'CLEAN ENVIRO TECH','CETC','/images/default',0.55,-0.01,0.63,'2016-10-06 01:21:39.769256');
INSERT INTO "stocks_stock" VALUES(21,'ADDvantage Technologies Group, ','AEY','/images/default',2.38,0.01,1.71,'2016-10-06 01:21:39.662033');
INSERT INTO "stocks_stock" VALUES(22,'Active Power, Inc.','ACPW','/images/default',0.31,0,1.29,'2016-10-06 01:21:39.495400');
INSERT INTO "stocks_stock" VALUES(23,'Microsoft Corporation','MSFT','/images/default',57.75,0.4,52.17,'2016-10-06 01:21:39.182154');
INSERT INTO "stocks_stock" VALUES(24,'A V Homes, Inc.','AVHI','/images/default',15.9,0.07,15.9,'2016-10-14 02:09:47.546148');
INSERT INTO "stocks_stock" VALUES(25,'21Vianet Group, Inc.','VNET','/images/default',8.09,0.2,19.97,'2016-10-06 01:21:38.897960');
INSERT INTO "stocks_stock" VALUES(26,'1st Century Bancshares, Inc','FCTY','/images/default',11.22,0,11.22,'2016-10-14 02:09:48.145749');
INSERT INTO "stocks_stock" VALUES(27,'1347 Capital Corp.','TFSC','/images/default',9.17,0,9.17,'2016-10-14 02:09:48.145101');
INSERT INTO "stocks_stock" VALUES(28,'Accelerate Diagnostics, Inc.','AXDX','/images/default',26.3,0.96,19.97,'2016-10-06 01:21:38.322397');
INSERT INTO "stocks_stock" VALUES(29,'American Electric Technologies,','AETI','/images/default',4.5,0.07,3.17,'2016-10-06 01:21:38.181761');
INSERT INTO "stocks_stock" VALUES(30,'AmeriServ Financial Inc.','ASRVP','/images/default',27.5,-1.36,26.89,'2016-10-06 01:21:38.066101');
INSERT INTO "stocks_stock" VALUES(32,'Abengoa Yield plc','ABY','/images/default',35.2,0.23,35.2,'2016-10-06 01:21:37.854912');
INSERT INTO "stocks_stock" VALUES(33,'Gyrodyne , LLC','GYRO','/images/default',18.99,0.03,18.99,'2016-10-06 01:21:37.753288');
INSERT INTO "stocks_stock" VALUES(34,'Applied Genetic Technologies Co','AGTC','/images/default',15.09,0.2,15.09,'2016-10-06 01:21:37.478282');
INSERT INTO "stocks_stock" VALUES(38,'American Airlines Group, Inc.','AAL','/images/default',39.24,1.86,39.24,'2016-10-14 02:04:05.675585');
INSERT INTO "stocks_stock" VALUES(39,'POSCO Common Stock','PKX','/images/default',51.64,0.84,51.64,'2016-10-06 01:21:37.179345');
INSERT INTO "stocks_stock" VALUES(40,'Credit Suisse AG','DGLD','/images/default',50.63,-0.28,50.63,'2016-10-14 02:09:47.547617');
INSERT INTO "stocks_stock" VALUES(41,'Advanced Energy Industries, Inc','AEIS','/images/default',47.9,-2.07,47.9,'2016-10-14 02:09:47.614321');
INSERT INTO "stocks_stock" VALUES(42,'1st Constitution Bancorp (NJ)','FCCY','/images/default',13.47,-0.16,13.47,'2016-10-14 02:09:47.549294');
INSERT INTO "stocks_stock" VALUES(43,'Credit Suisse AG','UGLD','/images/default',11.42,0.08,11.42,'2016-10-14 02:09:53.268122');
INSERT INTO "stocks_stock" VALUES(44,'El Pollo Loco Holdings, Inc.','LOCO','/images/default',12.44,0.03,12.44,'2016-10-06 01:21:35.596619');
INSERT INTO "stocks_stock" VALUES(45,'Abraxas Petroleum Corporation','AXAS','/images/default',1.74,0.09,1.74,'2016-10-06 01:21:35.501219');
INSERT INTO "stocks_stock" VALUES(47,'Las Vegas Sands Corp. Common St','LVS','/images/default',59.13,-0.67,59.13,'2016-10-14 02:04:05.694609');
INSERT INTO "stocks_stock" VALUES(48,'Shell Midstream Partners, L.P. ','SHLX','/images/default',29.77,-0.14,29.77,'2016-10-14 02:04:05.806691');
INSERT INTO "stocks_stock" VALUES(49,'Atlas Air Worldwide Holdings','AAWW','/images/default',49.85,-1.2,49.85,'2016-10-14 02:09:53.246654');
INSERT INTO "stocks_stock" VALUES(50,'8point3 Energy Partners LP','CAFD','/images/default',19.86,0.23,19.86,'2016-10-14 02:09:49.714678');
INSERT INTO "stocks_stock" VALUES(53,'First Trust Emerging Markets Lo','FEMB','/images/default',42.96,0.25,42.96,'2016-10-14 02:09:49.491176');
INSERT INTO "stocks_stock" VALUES(58,'LookSmart, Ltd.','LOOK','/images/default',0.65,0,0.65,'2016-10-06 01:21:34.498342');
INSERT INTO "stocks_stock" VALUES(59,'Gold Fields Limited American De','GFI','/images/default',4.7,0.07,4.7,'2016-10-06 01:21:34.344566');
INSERT INTO "stocks_stock" VALUES(60,'Joe''s Jeans Inc.','JOEZ','/images/default',0.19,0,0.19,'2016-10-06 01:21:34.245843');
INSERT INTO "stocks_stock" VALUES(61,'St. Joe Company (The) Common St','JOE','/images/default',18.66,0.04,18.66,'2016-10-06 01:21:34.153693');
INSERT INTO "stocks_stock" VALUES(62,'Boston Private Financial Holdin','BPFH','/images/default',13.28,0.32,13.28,'2016-10-06 01:21:34.003401');
INSERT INTO "stocks_stock" VALUES(63,'G. Willi-Food International,  L','WILC','/images/default',6.4,0.15,6.4,'2016-10-06 01:21:33.854323');
INSERT INTO "stocks_stock" VALUES(64,'Georgetown Bancorp, Inc.','GTWN','/images/default',20.9,0,20.9,'2016-10-06 01:21:33.716192');
INSERT INTO "stocks_stock" VALUES(65,'Bruker Corporation','BRKR','/images/default',25.5,0.2,25.5,'2016-10-06 01:21:33.555254');
INSERT INTO "stocks_stock" VALUES(67,'Bank of America Corporation Com','BAC','/images/default',15.86,-0.2,15.86,'2016-10-14 02:04:05.944302');
INSERT INTO "stocks_stock" VALUES(68,'AAR Corp. Common Stock','AIR','/images/default',31.7,0.38,31.7,'2016-10-06 01:21:32.975160');
INSERT INTO "stocks_stock" VALUES(69,'Bob Evans Farms, Inc.','BOBE','/images/default',46,-0.21,46,'2016-10-06 01:21:32.876765');
INSERT INTO "stocks_stock" VALUES(70,'Golar LNG Limited','GLNG','/images/default',23.01,0.95,23.01,'2016-10-06 01:21:32.750031');
INSERT INTO "stocks_stock" VALUES(71,'Almost Family Inc','AFAM','/images/default',37.21,0.46,37.21,'2016-10-06 01:21:32.633726');
INSERT INTO "stocks_stock" VALUES(72,'You On Demand Holdings, Inc.','YOD','/images/default',1.55,-0.05,1.55,'2016-10-06 01:21:32.305201');
INSERT INTO "stocks_stock" VALUES(73,'Alphabet Inc.','GOOGL','/images/default',805.5,-1.56,805.5,'2016-10-06 01:21:32.091074');
INSERT INTO "stocks_stock" VALUES(74,'AlphaMark Actively Managed Smal','SMCP','/images/default',22.19,1.14,22.19,'2016-10-06 01:21:31.922546');
INSERT INTO "stocks_stock" VALUES(75,'Intel Corporation','INTC','/images/default',38.06,0.45,38.06,'2016-10-06 01:21:31.809884');
INSERT INTO "stocks_stock" VALUES(76,'QUALCOMM Incorporated','QCOM','/images/default',67.4,0.16,67.4,'2016-10-06 01:21:31.637098');
INSERT INTO "stocks_stock" VALUES(77,'1347 Capital Corp.','TFSCU','/images/default',9.05,0,9.05,'2016-10-06 01:21:31.469043');
INSERT INTO "stocks_stock" VALUES(83,'Viacom Inc.','VIA','/images/default',46.46,0.22,46.46,'2016-10-06 01:21:31.361545');
INSERT INTO "stocks_stock" VALUES(86,'Exxon Mobil Corporation Common ','XOM','/images/default',87.19,0.75,87.19,'2016-10-06 01:21:31.259541');
INSERT INTO "stocks_stock" VALUES(87,'A. Schulman, Inc.','SHLM','/images/default',28.96,-0.76,28.96,'2016-10-14 02:10:02.524377');
INSERT INTO "stocks_stock" VALUES(88,'Wintrust Financial Corporation','WTFC','/images/default',53.99,-1.58,53.99,'2016-10-14 02:10:03.136589');
INSERT INTO "stocks_stock" VALUES(89,'SunTrust Banks, Inc. Common Sto','STI','/images/default',44.99,-0.94,44.99,'2016-10-14 02:10:02.440741');
INSERT INTO "stocks_stock" VALUES(90,'Fifth Third Bancorp','FITB','/images/default',21.14,-0.63,21.14,'2016-10-14 02:10:03.031648');
INSERT INTO "stocks_stock" VALUES(91,'Energy XXI Ltd.','EXXI','/images/default',0.13,0,0.13,'2016-10-14 02:09:53.245181');
INSERT INTO "stocks_stock" VALUES(92,'Vera Bradley, Inc.','VRA','/images/default',15.1,-0.03,15.1,'2016-10-06 01:21:20.958994');
INSERT INTO "stocks_stock" VALUES(93,'ServisFirst Bancshares, Inc.','SFBS','/images/default',52.1,0.15,52.1,'2016-10-06 01:21:20.581840');
INSERT INTO "stocks_stock" VALUES(94,'Starbucks Corporation','SBUX','/images/default',53.44,-0.18,53.44,'2016-10-06 01:21:20.407120');
INSERT INTO "stocks_stock" VALUES(95,'Apple Hospitality REIT, Inc. Co','APLE','/images/default',18.5,0.14,18.5,'2016-10-14 02:10:02.523072');
INSERT INTO "stocks_stock" VALUES(96,'General Employment Enterprises,','JOB','/images/default',4.93,-0.12,4.93,'2016-10-14 02:09:53.243866');
INSERT INTO "stocks_stock" VALUES(97,'Grand Canyon Education, Inc.','LOPE','/images/default',40.71,0.6,40.71,'2016-10-06 01:21:20.073294');
INSERT INTO "stocks_stock" VALUES(98,'American Public Education, Inc.','APEI','/images/default',38,0.34,38,'2016-10-06 01:21:19.929092');
INSERT INTO "stocks_stock" VALUES(99,'Amerco','UHAL','/images/default',333.55,10.83,333.55,'2016-10-06 01:21:19.789955');
DELETE FROM sqlite_sequence;
INSERT INTO "sqlite_sequence" VALUES('django_migrations',30);
INSERT INTO "sqlite_sequence" VALUES('django_content_type',11);
INSERT INTO "sqlite_sequence" VALUES('auth_permission',34);
INSERT INTO "sqlite_sequence" VALUES('stocks_player',52);
INSERT INTO "sqlite_sequence" VALUES('stocks_floor_stocks',306);
INSERT INTO "sqlite_sequence" VALUES('auth_group',2);
INSERT INTO "sqlite_sequence" VALUES('auth_user_groups',1);
INSERT INTO "sqlite_sequence" VALUES('stocks_player_stocks',315);
INSERT INTO "sqlite_sequence" VALUES('stocks_trade_recipientStocks',115);
INSERT INTO "sqlite_sequence" VALUES('stocks_trade_senderStocks',46);
INSERT INTO "sqlite_sequence" VALUES('stocks_stocksuggestion',29);
INSERT INTO "sqlite_sequence" VALUES('stocks_trade',104);
INSERT INTO "sqlite_sequence" VALUES('django_admin_log',98);
INSERT INTO "sqlite_sequence" VALUES('auth_user',3);
INSERT INTO "sqlite_sequence" VALUES('stocks_floor',16);
INSERT INTO "sqlite_sequence" VALUES('stocks_stock',99);
CREATE INDEX "auth_group_permissions_0e939a4f" ON "auth_group_permissions" ("group_id");
CREATE INDEX "auth_group_permissions_8373b171" ON "auth_group_permissions" ("permission_id");
CREATE INDEX "auth_user_groups_e8701ad4" ON "auth_user_groups" ("user_id");
CREATE INDEX "auth_user_groups_0e939a4f" ON "auth_user_groups" ("group_id");
CREATE INDEX "auth_user_user_permissions_e8701ad4" ON "auth_user_user_permissions" ("user_id");
CREATE INDEX "auth_user_user_permissions_8373b171" ON "auth_user_user_permissions" ("permission_id");
CREATE INDEX "auth_permission_417f1b1c" ON "auth_permission" ("content_type_id");
CREATE INDEX "django_session_de54fa62" ON "django_session" ("expire_date");
CREATE INDEX "stocks_player_9643d2e5" ON "stocks_player" ("floor_id");
CREATE INDEX "stocks_player_e8701ad4" ON "stocks_player" ("user_id");
CREATE INDEX "stocks_floor_stocks_9643d2e5" ON "stocks_floor_stocks" ("floor_id");
CREATE INDEX "stocks_floor_stocks_aff86b81" ON "stocks_floor_stocks" ("stock_id");
CREATE INDEX "stocks_player_stocks_afe72417" ON "stocks_player_stocks" ("player_id");
CREATE INDEX "stocks_player_stocks_aff86b81" ON "stocks_player_stocks" ("stock_id");
CREATE INDEX "stocks_trade_senderStocks_09249466" ON "stocks_trade_senderStocks" ("trade_id");
CREATE INDEX "stocks_trade_senderStocks_aff86b81" ON "stocks_trade_senderStocks" ("stock_id");
CREATE INDEX "stocks_stocksuggestion_9643d2e5" ON "stocks_stocksuggestion" ("floor_id");
CREATE INDEX "stocks_stocksuggestion_fda24464" ON "stocks_stocksuggestion" ("requesting_player_id");
CREATE INDEX "stocks_stocksuggestion_aff86b81" ON "stocks_stocksuggestion" ("stock_id");
CREATE INDEX "stocks_trade_9643d2e5" ON "stocks_trade" ("floor_id");
CREATE INDEX "stocks_trade_8b938c66" ON "stocks_trade" ("recipient_id");
CREATE INDEX "stocks_trade_924b1846" ON "stocks_trade" ("sender_id");
CREATE INDEX "django_admin_log_417f1b1c" ON "django_admin_log" ("content_type_id");
CREATE INDEX "django_admin_log_e8701ad4" ON "django_admin_log" ("user_id");
CREATE INDEX "stocks_floor_5e7b1936" ON "stocks_floor" ("owner_id");
CREATE INDEX "stocks_floor_5eece6d0" ON "stocks_floor" ("floorPlayer_id");
COMMIT;
