PRAGMA foreign_keys=OFF;
BEGIN TRANSACTION;
CREATE TABLE "django_migrations" ("id" integer NOT NULL PRIMARY KEY AUTOINCREMENT, "app" varchar(255) NOT NULL, "name" varchar(255) NOT NULL, "applied" datetime NOT NULL);
INSERT INTO "django_migrations" VALUES(1,'contenttypes','0001_initial','2015-11-12 22:52:19.828828');
INSERT INTO "django_migrations" VALUES(2,'auth','0001_initial','2015-11-12 22:52:19.857302');
INSERT INTO "django_migrations" VALUES(3,'admin','0001_initial','2015-11-12 22:52:19.876940');
INSERT INTO "django_migrations" VALUES(4,'contenttypes','0002_remove_content_type_name','2015-11-12 22:52:19.934935');
INSERT INTO "django_migrations" VALUES(5,'auth','0002_alter_permission_name_max_length','2015-11-12 22:52:19.958767');
INSERT INTO "django_migrations" VALUES(6,'auth','0003_alter_user_email_max_length','2015-11-12 22:52:19.981240');
INSERT INTO "django_migrations" VALUES(7,'auth','0004_alter_user_username_opts','2015-11-12 22:52:20.005298');
INSERT INTO "django_migrations" VALUES(8,'auth','0005_alter_user_last_login_null','2015-11-12 22:52:20.028805');
INSERT INTO "django_migrations" VALUES(9,'auth','0006_require_contenttypes_0002','2015-11-12 22:52:20.035262');
INSERT INTO "django_migrations" VALUES(10,'sessions','0001_initial','2015-11-12 22:52:20.052476');
INSERT INTO "django_migrations" VALUES(11,'stocks','0001_initial','2015-11-12 22:52:20.141160');
INSERT INTO "django_migrations" VALUES(12,'stocks','0002_auto_20151112_1657','2015-11-12 22:57:54.092142');
INSERT INTO "django_migrations" VALUES(13,'stocks','0003_auto_20151129_1623','2015-11-29 22:24:12.145992');
INSERT INTO "django_migrations" VALUES(14,'stocks','0004_auto_20151129_1625','2015-11-29 22:25:54.267855');
INSERT INTO "django_migrations" VALUES(15,'stocks','0005_auto_20151129_1634','2015-11-29 22:34:45.635694');
INSERT INTO "django_migrations" VALUES(16,'stocks','0006_auto_20151129_1700','2015-11-29 23:00:17.253186');
INSERT INTO "django_migrations" VALUES(17,'stocks','0007_auto_20151129_1700','2015-11-29 23:00:17.379416');
INSERT INTO "django_migrations" VALUES(18,'stocks','0008_auto_20151204_1042','2015-12-04 16:42:08.151380');
INSERT INTO "django_migrations" VALUES(19,'stocks','0009_auto_20151208_1826','2015-12-09 00:32:27.667763');
INSERT INTO "django_migrations" VALUES(20,'stocks','0010_auto_20151209_1312','2015-12-09 19:12:49.390783');
INSERT INTO "django_migrations" VALUES(21,'stocks','0011_auto_20151212_1019','2015-12-12 16:19:04.725686');
INSERT INTO "django_migrations" VALUES(22,'stocks','0012_auto_20151215_1914','2015-12-18 16:32:17.695685');
INSERT INTO "django_migrations" VALUES(23,'stocks','0013_auto_20151215_2202','2015-12-18 16:32:17.783621');
INSERT INTO "django_migrations" VALUES(24,'stocks','0014_auto_20151215_2202','2015-12-18 16:32:17.889122');
INSERT INTO "django_migrations" VALUES(25,'stocks','0015_auto_20151222_1556','2015-12-23 17:36:13.724105');
INSERT INTO "django_migrations" VALUES(26,'admin','0002_logentry_remove_auto_add','2015-12-30 00:37:23.081567');
INSERT INTO "django_migrations" VALUES(27,'auth','0007_alter_validators_add_error_messages','2015-12-30 00:37:23.251660');
INSERT INTO "django_migrations" VALUES(28,'stocks','0016_auto_20151229_1837','2015-12-30 00:37:23.967397');
INSERT INTO "django_migrations" VALUES(29,'stocks','0017_auto_20160103_1624','2016-01-03 22:24:40.180406');
INSERT INTO "django_migrations" VALUES(30,'stocks','0018_auto_20160228_1040','2016-02-28 16:40:50.915978');
INSERT INTO "django_migrations" VALUES(31,'stocks','0019_auto_20170405_1808','2017-04-05 23:08:25.888994');
INSERT INTO "django_migrations" VALUES(32,'stocksApi','0001_initial','2017-04-05 23:08:25.920514');
INSERT INTO "django_migrations" VALUES(33,'stocks','0020_auto_20170412_1708','2017-04-15 01:17:47.810630');
INSERT INTO "django_migrations" VALUES(34,'stocksApi','0002_androidtoken','2017-04-15 01:17:47.895630');
CREATE TABLE "auth_group" ("id" integer NOT NULL PRIMARY KEY AUTOINCREMENT, "name" varchar(80) NOT NULL UNIQUE);
INSERT INTO "auth_group" VALUES(1,'Floor');
CREATE TABLE "auth_group_permissions" ("id" integer NOT NULL PRIMARY KEY AUTOINCREMENT, "group_id" integer NOT NULL REFERENCES "auth_group" ("id"), "permission_id" integer NOT NULL REFERENCES "auth_permission" ("id"), UNIQUE ("group_id", "permission_id"));
CREATE TABLE "auth_user_groups" ("id" integer NOT NULL PRIMARY KEY AUTOINCREMENT, "user_id" integer NOT NULL REFERENCES "auth_user" ("id"), "group_id" integer NOT NULL REFERENCES "auth_group" ("id"), UNIQUE ("user_id", "group_id"));
INSERT INTO "auth_user_groups" VALUES(1,3,1);
CREATE TABLE "auth_user_user_permissions" ("id" integer NOT NULL PRIMARY KEY AUTOINCREMENT, "user_id" integer NOT NULL REFERENCES "auth_user" ("id"), "permission_id" integer NOT NULL REFERENCES "auth_permission" ("id"), UNIQUE ("user_id", "permission_id"));
CREATE TABLE "django_content_type" ("id" integer NOT NULL PRIMARY KEY AUTOINCREMENT, "app_label" varchar(100) NOT NULL, "model" varchar(100) NOT NULL, UNIQUE ("app_label", "model"));
INSERT INTO "django_content_type" VALUES(1,'admin','logentry');
INSERT INTO "django_content_type" VALUES(2,'auth','permission');
INSERT INTO "django_content_type" VALUES(3,'auth','group');
INSERT INTO "django_content_type" VALUES(4,'auth','user');
INSERT INTO "django_content_type" VALUES(5,'contenttypes','contenttype');
INSERT INTO "django_content_type" VALUES(6,'sessions','session');
INSERT INTO "django_content_type" VALUES(7,'stocks','stock');
INSERT INTO "django_content_type" VALUES(8,'stocks','floor');
INSERT INTO "django_content_type" VALUES(9,'stocks','player');
INSERT INTO "django_content_type" VALUES(10,'stocks','trade');
INSERT INTO "django_content_type" VALUES(11,'stocks','stocksuggestion');
INSERT INTO "django_content_type" VALUES(12,'stocksApi','sessionid');
INSERT INTO "django_content_type" VALUES(13,'stocksApi','androidtoken');
CREATE TABLE "auth_permission" ("id" integer NOT NULL PRIMARY KEY AUTOINCREMENT, "content_type_id" integer NOT NULL REFERENCES "django_content_type" ("id"), "codename" varchar(100) NOT NULL, "name" varchar(255) NOT NULL, UNIQUE ("content_type_id", "codename"));
INSERT INTO "auth_permission" VALUES(1,1,'add_logentry','Can add log entry');
INSERT INTO "auth_permission" VALUES(2,1,'change_logentry','Can change log entry');
INSERT INTO "auth_permission" VALUES(3,1,'delete_logentry','Can delete log entry');
INSERT INTO "auth_permission" VALUES(4,2,'add_permission','Can add permission');
INSERT INTO "auth_permission" VALUES(5,2,'change_permission','Can change permission');
INSERT INTO "auth_permission" VALUES(6,2,'delete_permission','Can delete permission');
INSERT INTO "auth_permission" VALUES(7,3,'add_group','Can add group');
INSERT INTO "auth_permission" VALUES(8,3,'change_group','Can change group');
INSERT INTO "auth_permission" VALUES(9,3,'delete_group','Can delete group');
INSERT INTO "auth_permission" VALUES(10,4,'add_user','Can add user');
INSERT INTO "auth_permission" VALUES(11,4,'change_user','Can change user');
INSERT INTO "auth_permission" VALUES(12,4,'delete_user','Can delete user');
INSERT INTO "auth_permission" VALUES(13,5,'add_contenttype','Can add content type');
INSERT INTO "auth_permission" VALUES(14,5,'change_contenttype','Can change content type');
INSERT INTO "auth_permission" VALUES(15,5,'delete_contenttype','Can delete content type');
INSERT INTO "auth_permission" VALUES(16,6,'add_session','Can add session');
INSERT INTO "auth_permission" VALUES(17,6,'change_session','Can change session');
INSERT INTO "auth_permission" VALUES(18,6,'delete_session','Can delete session');
INSERT INTO "auth_permission" VALUES(19,7,'add_stock','Can add stock');
INSERT INTO "auth_permission" VALUES(20,7,'change_stock','Can change stock');
INSERT INTO "auth_permission" VALUES(21,7,'delete_stock','Can delete stock');
INSERT INTO "auth_permission" VALUES(22,8,'add_floor','Can add floor');
INSERT INTO "auth_permission" VALUES(23,8,'change_floor','Can change floor');
INSERT INTO "auth_permission" VALUES(24,8,'delete_floor','Can delete floor');
INSERT INTO "auth_permission" VALUES(25,9,'add_player','Can add player');
INSERT INTO "auth_permission" VALUES(26,9,'change_player','Can change player');
INSERT INTO "auth_permission" VALUES(27,9,'delete_player','Can delete player');
INSERT INTO "auth_permission" VALUES(28,10,'is_floor','Is Floor');
INSERT INTO "auth_permission" VALUES(29,10,'add_trade','Can add trade');
INSERT INTO "auth_permission" VALUES(30,10,'change_trade','Can change trade');
INSERT INTO "auth_permission" VALUES(31,10,'delete_trade','Can delete trade');
INSERT INTO "auth_permission" VALUES(32,11,'add_stocksuggestion','Can add stock suggestion');
INSERT INTO "auth_permission" VALUES(33,11,'change_stocksuggestion','Can change stock suggestion');
INSERT INTO "auth_permission" VALUES(34,11,'delete_stocksuggestion','Can delete stock suggestion');
INSERT INTO "auth_permission" VALUES(35,12,'add_sessionid','Can add session id');
INSERT INTO "auth_permission" VALUES(36,12,'change_sessionid','Can change session id');
INSERT INTO "auth_permission" VALUES(37,12,'delete_sessionid','Can delete session id');
INSERT INTO "auth_permission" VALUES(38,13,'add_androidtoken','Can add android token');
INSERT INTO "auth_permission" VALUES(39,13,'change_androidtoken','Can change android token');
INSERT INTO "auth_permission" VALUES(40,13,'delete_androidtoken','Can delete android token');
CREATE TABLE "django_session" ("session_key" varchar(40) NOT NULL PRIMARY KEY, "session_data" text NOT NULL, "expire_date" datetime NOT NULL);
INSERT INTO "django_session" VALUES('cj1i8evj89htnboyftieg22wvzqqskhq','ZTFlNWY5ZTIwYzc3NzI0NmE1YjEwNjEyMTJmMmNjYjdiMDI2ZWVmNDp7Il9hdXRoX3VzZXJfaGFzaCI6IjExODAwNjdhMzk1NTdmNzg3YjFlZTU4ZGIzMmU4NmQ4NWU3ZjVlOTUiLCJfYXV0aF91c2VyX2JhY2tlbmQiOiJkamFuZ28uY29udHJpYi5hdXRoLmJhY2tlbmRzLk1vZGVsQmFja2VuZCIsIl9hdXRoX3VzZXJfaWQiOiIxIn0=','2015-11-26 22:53:21.507936');
INSERT INTO "django_session" VALUES('4v03i38m0d2te4k9b8gkt2198unhtqw9','YzlhNDRiOGVmNjk5ZGRmZjAyZjE2Y2I3NzA4Y2Y1NjI2NDQ4ZjQ1YTp7Il9hdXRoX3VzZXJfaWQiOiIxIiwiX2F1dGhfdXNlcl9oYXNoIjoiMTE4MDA2N2EzOTU1N2Y3ODdiMWVlNThkYjMyZTg2ZDg1ZTdmNWU5NSIsIl9hdXRoX3VzZXJfYmFja2VuZCI6ImRqYW5nby5jb250cmliLmF1dGguYmFja2VuZHMuTW9kZWxCYWNrZW5kIn0=','2015-12-02 21:35:40.093854');
INSERT INTO "django_session" VALUES('adfgjrfb7x7gqjz7h8xhm6eb08jjtoiq','NjY4Y2M0MWJkZDZmYjg0YzY1ZjQzOWExZDY1ZTUxMzlhODBjNjcyODp7Il9hdXRoX3VzZXJfYmFja2VuZCI6ImRqYW5nby5jb250cmliLmF1dGguYmFja2VuZHMuTW9kZWxCYWNrZW5kIiwiX2F1dGhfdXNlcl9oYXNoIjoiMTE4MDA2N2EzOTU1N2Y3ODdiMWVlNThkYjMyZTg2ZDg1ZTdmNWU5NSIsIl9hdXRoX3VzZXJfaWQiOiIxIn0=','2015-12-03 00:39:09.117270');
INSERT INTO "django_session" VALUES('hafhgar5dkresyr8eg0np3ss55w93l8r','MmViN2Y2NzI5OTUwMDNiOGYxNmNjYjY0MmU5ZTQ0YjA2MDYyNGM0Njp7Il9hdXRoX3VzZXJfaGFzaCI6IjExODAwNjdhMzk1NTdmNzg3YjFlZTU4ZGIzMmU4NmQ4NWU3ZjVlOTUiLCJfYXV0aF91c2VyX2lkIjoiMSIsIl9hdXRoX3VzZXJfYmFja2VuZCI6ImRqYW5nby5jb250cmliLmF1dGguYmFja2VuZHMuTW9kZWxCYWNrZW5kIn0=','2015-12-24 16:10:25.318923');
INSERT INTO "django_session" VALUES('irtkgsxg2vyevcx5922imqa5tij7a2ll','YTMxMjVkNGZlMmM2MzZiZDdmYTE2ZDNmNDA4NjM2NmM1ZmVlZWI3NDp7Il9hdXRoX3VzZXJfYmFja2VuZCI6ImRqYW5nby5jb250cmliLmF1dGguYmFja2VuZHMuTW9kZWxCYWNrZW5kIiwiX2F1dGhfdXNlcl9pZCI6IjEiLCJfYXV0aF91c2VyX2hhc2giOiIxMTgwMDY3YTM5NTU3Zjc4N2IxZWU1OGRiMzJlODZkODVlN2Y1ZTk1In0=','2015-12-26 16:45:16.270186');
INSERT INTO "django_session" VALUES('51rzi9rjf1zn44xq3plw96osiz40fip5','YzlhNDRiOGVmNjk5ZGRmZjAyZjE2Y2I3NzA4Y2Y1NjI2NDQ4ZjQ1YTp7Il9hdXRoX3VzZXJfaWQiOiIxIiwiX2F1dGhfdXNlcl9oYXNoIjoiMTE4MDA2N2EzOTU1N2Y3ODdiMWVlNThkYjMyZTg2ZDg1ZTdmNWU5NSIsIl9hdXRoX3VzZXJfYmFja2VuZCI6ImRqYW5nby5jb250cmliLmF1dGguYmFja2VuZHMuTW9kZWxCYWNrZW5kIn0=','2015-12-26 17:32:57.981220');
INSERT INTO "django_session" VALUES('qk0ehjihmoyr757x0nic4pgb5elw2zex','MmViN2Y2NzI5OTUwMDNiOGYxNmNjYjY0MmU5ZTQ0YjA2MDYyNGM0Njp7Il9hdXRoX3VzZXJfaGFzaCI6IjExODAwNjdhMzk1NTdmNzg3YjFlZTU4ZGIzMmU4NmQ4NWU3ZjVlOTUiLCJfYXV0aF91c2VyX2lkIjoiMSIsIl9hdXRoX3VzZXJfYmFja2VuZCI6ImRqYW5nby5jb250cmliLmF1dGguYmFja2VuZHMuTW9kZWxCYWNrZW5kIn0=','2015-12-30 00:32:06.036388');
INSERT INTO "django_session" VALUES('xq3tb26d1l7hbo98tj7o4705dzwea1ma','NzExOTFmMThmMzFlZTg2YmNjYjRiZjhhMjRkODdhZjg0YTk0MDM2Mzp7Il9hdXRoX3VzZXJfaGFzaCI6ImQ0Yzc3ODNhZWYyYzg5YjY1YmI5NzAxYTgzNDk5NTViOGI3ZjIzYmMiLCJfYXV0aF91c2VyX2JhY2tlbmQiOiJkamFuZ28uY29udHJpYi5hdXRoLmJhY2tlbmRzLk1vZGVsQmFja2VuZCIsIl9hdXRoX3VzZXJfaWQiOiIyIn0=','2016-01-03 23:36:09.986042');
INSERT INTO "django_session" VALUES('yrvib3hd4y0fq0716rfr17vf2vn42ul1','NjY4Y2M0MWJkZDZmYjg0YzY1ZjQzOWExZDY1ZTUxMzlhODBjNjcyODp7Il9hdXRoX3VzZXJfYmFja2VuZCI6ImRqYW5nby5jb250cmliLmF1dGguYmFja2VuZHMuTW9kZWxCYWNrZW5kIiwiX2F1dGhfdXNlcl9oYXNoIjoiMTE4MDA2N2EzOTU1N2Y3ODdiMWVlNThkYjMyZTg2ZDg1ZTdmNWU5NSIsIl9hdXRoX3VzZXJfaWQiOiIxIn0=','2016-01-03 23:38:48.141508');
INSERT INTO "django_session" VALUES('h9rgwzhl1e9sd0umncwm2t475yg88n9o','YjQzNjMyYjM2NTY0YzA2Mjc1MGI1ZTQyYTMwMzczMmExZjk4OTgyNjp7Il9hdXRoX3VzZXJfaWQiOiIyIiwiX2F1dGhfdXNlcl9iYWNrZW5kIjoiZGphbmdvLmNvbnRyaWIuYXV0aC5iYWNrZW5kcy5Nb2RlbEJhY2tlbmQiLCJfYXV0aF91c2VyX2hhc2giOiJkNGM3NzgzYWVmMmM4OWI2NWJiOTcwMWE4MzQ5OTU1YjhiN2YyM2JjIn0=','2016-01-03 23:41:04.357245');
INSERT INTO "django_session" VALUES('iih378q161xab6olwpp28x5ahdfhgska','OWI4ZDFlZTdlN2VlNzM1NDNjMDliZGQwYWQwYWY0MzdkY2VhMTBjZjp7Il9hdXRoX3VzZXJfaWQiOiIxIiwiX2F1dGhfdXNlcl9iYWNrZW5kIjoiZGphbmdvLmNvbnRyaWIuYXV0aC5iYWNrZW5kcy5Nb2RlbEJhY2tlbmQiLCJfYXV0aF91c2VyX2hhc2giOiIyZDE0MDY2OTNmNDNjYzY4MjA1YTE4MjczMzU5YWFlMjFkNmY2ZjhhIn0=','2016-01-04 01:58:04.922486');
INSERT INTO "django_session" VALUES('xurvv3ud24qb5zmhs6ioq4djnt4hwjqv','OTNlNzNlZmQ1NmU5NWExYjA0OTI1ZWZmZWUxMDgwZjZlMTNkYmYxMzp7Il9hdXRoX3VzZXJfaGFzaCI6IjJkMTQwNjY5M2Y0M2NjNjgyMDVhMTgyNzMzNTlhYWUyMWQ2ZjZmOGEiLCJfYXV0aF91c2VyX2lkIjoiMSIsIl9hdXRoX3VzZXJfYmFja2VuZCI6ImRqYW5nby5jb250cmliLmF1dGguYmFja2VuZHMuTW9kZWxCYWNrZW5kIn0=','2016-01-04 16:37:49.856154');
INSERT INTO "django_session" VALUES('z0cgfjjvlrxrf625aw1pyyz0ogo21k18','YjliZTI4YTlkYTkzMGJiMTAwMTIzNTQwNzRhMjExYTcwMmQxNzA0ODp7Il9hdXRoX3VzZXJfYmFja2VuZCI6ImRqYW5nby5jb250cmliLmF1dGguYmFja2VuZHMuTW9kZWxCYWNrZW5kIiwiX2F1dGhfdXNlcl9pZCI6IjIiLCJfYXV0aF91c2VyX2hhc2giOiJkNGM3NzgzYWVmMmM4OWI2NWJiOTcwMWE4MzQ5OTU1YjhiN2YyM2JjIn0=','2016-01-09 23:23:14.359114');
INSERT INTO "django_session" VALUES('06pj8n3qqz6spbnya5m96h4u214rkezo','YTJiYjkzMDM0NmM4YTE5YjE5ZWVkM2M5ZDg4NDRlZDM4NjdlZDNmMjp7Il9hdXRoX3VzZXJfaGFzaCI6ImU5NTUxMGMyMzdjYjI0NjU2M2EwYTllODliZDE5YmQ3YWQ5NGNhYjQiLCJfYXV0aF91c2VyX2lkIjoiMSIsIl9hdXRoX3VzZXJfYmFja2VuZCI6ImRqYW5nby5jb250cmliLmF1dGguYmFja2VuZHMuTW9kZWxCYWNrZW5kIn0=','2016-01-13 03:54:32.489555');
INSERT INTO "django_session" VALUES('o6v2xzsp37djy08gvl3hcsy48006ycce','ZTJlODE1MzAyMjk4YzE0ODNhYzNkYmE2MGRmNGYzOTJlMjUyNGVlNzp7Il9hdXRoX3VzZXJfaGFzaCI6ImU5NTUxMGMyMzdjYjI0NjU2M2EwYTllODliZDE5YmQ3YWQ5NGNhYjQiLCJfYXV0aF91c2VyX2JhY2tlbmQiOiJkamFuZ28uY29udHJpYi5hdXRoLmJhY2tlbmRzLk1vZGVsQmFja2VuZCIsIl9hdXRoX3VzZXJfaWQiOiIxIn0=','2016-01-14 20:14:04.585002');
INSERT INTO "django_session" VALUES('5c9icaemr7yfgxjkm8wleod714ppa4r2','ZTJlODE1MzAyMjk4YzE0ODNhYzNkYmE2MGRmNGYzOTJlMjUyNGVlNzp7Il9hdXRoX3VzZXJfaGFzaCI6ImU5NTUxMGMyMzdjYjI0NjU2M2EwYTllODliZDE5YmQ3YWQ5NGNhYjQiLCJfYXV0aF91c2VyX2JhY2tlbmQiOiJkamFuZ28uY29udHJpYi5hdXRoLmJhY2tlbmRzLk1vZGVsQmFja2VuZCIsIl9hdXRoX3VzZXJfaWQiOiIxIn0=','2016-01-17 22:33:29.180325');
INSERT INTO "django_session" VALUES('8uwch0ymn3sz8gkzgwk1fl7evb6hhe6e','YTJiYjkzMDM0NmM4YTE5YjE5ZWVkM2M5ZDg4NDRlZDM4NjdlZDNmMjp7Il9hdXRoX3VzZXJfaGFzaCI6ImU5NTUxMGMyMzdjYjI0NjU2M2EwYTllODliZDE5YmQ3YWQ5NGNhYjQiLCJfYXV0aF91c2VyX2lkIjoiMSIsIl9hdXRoX3VzZXJfYmFja2VuZCI6ImRqYW5nby5jb250cmliLmF1dGguYmFja2VuZHMuTW9kZWxCYWNrZW5kIn0=','2016-01-18 15:12:17.843182');
INSERT INTO "django_session" VALUES('pspms2lgyd6sw91euk09ttaxwz2gcnt0','ZTJlODE1MzAyMjk4YzE0ODNhYzNkYmE2MGRmNGYzOTJlMjUyNGVlNzp7Il9hdXRoX3VzZXJfaGFzaCI6ImU5NTUxMGMyMzdjYjI0NjU2M2EwYTllODliZDE5YmQ3YWQ5NGNhYjQiLCJfYXV0aF91c2VyX2JhY2tlbmQiOiJkamFuZ28uY29udHJpYi5hdXRoLmJhY2tlbmRzLk1vZGVsQmFja2VuZCIsIl9hdXRoX3VzZXJfaWQiOiIxIn0=','2016-01-20 19:13:45.698271');
INSERT INTO "django_session" VALUES('hcv9tie5pwspufe1yh3znbrjl1puo497','ZTJlODE1MzAyMjk4YzE0ODNhYzNkYmE2MGRmNGYzOTJlMjUyNGVlNzp7Il9hdXRoX3VzZXJfaGFzaCI6ImU5NTUxMGMyMzdjYjI0NjU2M2EwYTllODliZDE5YmQ3YWQ5NGNhYjQiLCJfYXV0aF91c2VyX2JhY2tlbmQiOiJkamFuZ28uY29udHJpYi5hdXRoLmJhY2tlbmRzLk1vZGVsQmFja2VuZCIsIl9hdXRoX3VzZXJfaWQiOiIxIn0=','2016-01-29 01:17:43.485508');
INSERT INTO "django_session" VALUES('er80og9g95g6x8qilzgt6doy992v2xdz','YTJiYjkzMDM0NmM4YTE5YjE5ZWVkM2M5ZDg4NDRlZDM4NjdlZDNmMjp7Il9hdXRoX3VzZXJfaGFzaCI6ImU5NTUxMGMyMzdjYjI0NjU2M2EwYTllODliZDE5YmQ3YWQ5NGNhYjQiLCJfYXV0aF91c2VyX2lkIjoiMSIsIl9hdXRoX3VzZXJfYmFja2VuZCI6ImRqYW5nby5jb250cmliLmF1dGguYmFja2VuZHMuTW9kZWxCYWNrZW5kIn0=','2016-02-05 03:23:53.616560');
INSERT INTO "django_session" VALUES('6vvsxt0b69pzat7xgpvimn08lvtilbzi','YTJiYjkzMDM0NmM4YTE5YjE5ZWVkM2M5ZDg4NDRlZDM4NjdlZDNmMjp7Il9hdXRoX3VzZXJfaGFzaCI6ImU5NTUxMGMyMzdjYjI0NjU2M2EwYTllODliZDE5YmQ3YWQ5NGNhYjQiLCJfYXV0aF91c2VyX2lkIjoiMSIsIl9hdXRoX3VzZXJfYmFja2VuZCI6ImRqYW5nby5jb250cmliLmF1dGguYmFja2VuZHMuTW9kZWxCYWNrZW5kIn0=','2016-02-05 03:24:43.617380');
INSERT INTO "django_session" VALUES('o1bzuj2w8nvjhxxrkzag4k6s08n033zz','MGQyMmQ2NGRjM2Y1NTVjOTZmNjczNWYwYzFmMTgyZTUwODU2Y2RlYjp7Il9hdXRoX3VzZXJfaWQiOiIxIiwiX2F1dGhfdXNlcl9oYXNoIjoiZTk1NTEwYzIzN2NiMjQ2NTYzYTBhOWU4OWJkMTliZDdhZDk0Y2FiNCIsIl9hdXRoX3VzZXJfYmFja2VuZCI6ImRqYW5nby5jb250cmliLmF1dGguYmFja2VuZHMuTW9kZWxCYWNrZW5kIn0=','2016-02-05 03:57:17.486335');
INSERT INTO "django_session" VALUES('f9dmxs8x99v1prxrriuufgqw1q5rkcfg','MTk5M2Y1NTk1MGEyOGEwY2ZhZWFjZWM5MDczYTg5NmUzYmRlN2YyODp7Il9hdXRoX3VzZXJfYmFja2VuZCI6ImRqYW5nby5jb250cmliLmF1dGguYmFja2VuZHMuTW9kZWxCYWNrZW5kIiwiX2F1dGhfdXNlcl9oYXNoIjoiZTk1NTEwYzIzN2NiMjQ2NTYzYTBhOWU4OWJkMTliZDdhZDk0Y2FiNCIsIl9hdXRoX3VzZXJfaWQiOiIxIn0=','2016-02-05 15:06:25.225921');
INSERT INTO "django_session" VALUES('wnldtkefgzxlh8bozqv4192w8guzmo4j','ZTJlODE1MzAyMjk4YzE0ODNhYzNkYmE2MGRmNGYzOTJlMjUyNGVlNzp7Il9hdXRoX3VzZXJfaGFzaCI6ImU5NTUxMGMyMzdjYjI0NjU2M2EwYTllODliZDE5YmQ3YWQ5NGNhYjQiLCJfYXV0aF91c2VyX2JhY2tlbmQiOiJkamFuZ28uY29udHJpYi5hdXRoLmJhY2tlbmRzLk1vZGVsQmFja2VuZCIsIl9hdXRoX3VzZXJfaWQiOiIxIn0=','2016-02-07 02:44:16.303830');
INSERT INTO "django_session" VALUES('trhcdlz0cocgmdp8l0v7lc8c2hcorray','NjRkZmY2MjA3ZjNkNDc5MTM3YmU4NjNlOGViMDUzNjFhNjQxMDU1MTp7Il9hdXRoX3VzZXJfaWQiOiIxIiwiX2F1dGhfdXNlcl9iYWNrZW5kIjoiZGphbmdvLmNvbnRyaWIuYXV0aC5iYWNrZW5kcy5Nb2RlbEJhY2tlbmQiLCJfYXV0aF91c2VyX2hhc2giOiJlOTU1MTBjMjM3Y2IyNDY1NjNhMGE5ZTg5YmQxOWJkN2FkOTRjYWI0In0=','2016-03-11 02:29:14.323490');
INSERT INTO "django_session" VALUES('q7infg0isefswp2a6nw9eevbrpbhftas','NjRkZmY2MjA3ZjNkNDc5MTM3YmU4NjNlOGViMDUzNjFhNjQxMDU1MTp7Il9hdXRoX3VzZXJfaWQiOiIxIiwiX2F1dGhfdXNlcl9iYWNrZW5kIjoiZGphbmdvLmNvbnRyaWIuYXV0aC5iYWNrZW5kcy5Nb2RlbEJhY2tlbmQiLCJfYXV0aF91c2VyX2hhc2giOiJlOTU1MTBjMjM3Y2IyNDY1NjNhMGE5ZTg5YmQxOWJkN2FkOTRjYWI0In0=','2016-03-11 02:29:23.003644');
INSERT INTO "django_session" VALUES('y2zghbydssdrd4d0tztri9x21bxpu8as','ZGFhODdiMzY3YjBkZDVlNmRhOWVkYTQyN2EzZmI5MGUyNjk3ZWEyNDp7Il9hdXRoX3VzZXJfYmFja2VuZCI6ImRqYW5nby5jb250cmliLmF1dGguYmFja2VuZHMuTW9kZWxCYWNrZW5kIiwiX2F1dGhfdXNlcl9pZCI6IjIiLCJfYXV0aF91c2VyX2hhc2giOiIzODc1M2IzMmZmNTYzNmI1YzM5NWU3MDI4OTcyYjllM2JmYmI3MTIyIn0=','2016-06-16 22:56:18.319575');
INSERT INTO "django_session" VALUES('fthfhnj8d96iefwarfo5rxacfue96uxw','MTk5M2Y1NTk1MGEyOGEwY2ZhZWFjZWM5MDczYTg5NmUzYmRlN2YyODp7Il9hdXRoX3VzZXJfYmFja2VuZCI6ImRqYW5nby5jb250cmliLmF1dGguYmFja2VuZHMuTW9kZWxCYWNrZW5kIiwiX2F1dGhfdXNlcl9oYXNoIjoiZTk1NTEwYzIzN2NiMjQ2NTYzYTBhOWU4OWJkMTliZDdhZDk0Y2FiNCIsIl9hdXRoX3VzZXJfaWQiOiIxIn0=','2016-09-30 17:39:40.038598');
INSERT INTO "django_session" VALUES('1tb5and4suefl9l8gdlzkgc4v5iu8re3','YTJiYjkzMDM0NmM4YTE5YjE5ZWVkM2M5ZDg4NDRlZDM4NjdlZDNmMjp7Il9hdXRoX3VzZXJfaGFzaCI6ImU5NTUxMGMyMzdjYjI0NjU2M2EwYTllODliZDE5YmQ3YWQ5NGNhYjQiLCJfYXV0aF91c2VyX2lkIjoiMSIsIl9hdXRoX3VzZXJfYmFja2VuZCI6ImRqYW5nby5jb250cmliLmF1dGguYmFja2VuZHMuTW9kZWxCYWNrZW5kIn0=','2016-10-19 20:13:52.404690');
INSERT INTO "django_session" VALUES('18mftw25c0y4ndk221ki4z0rkqf13g1z','YTJiYjkzMDM0NmM4YTE5YjE5ZWVkM2M5ZDg4NDRlZDM4NjdlZDNmMjp7Il9hdXRoX3VzZXJfaGFzaCI6ImU5NTUxMGMyMzdjYjI0NjU2M2EwYTllODliZDE5YmQ3YWQ5NGNhYjQiLCJfYXV0aF91c2VyX2lkIjoiMSIsIl9hdXRoX3VzZXJfYmFja2VuZCI6ImRqYW5nby5jb250cmliLmF1dGguYmFja2VuZHMuTW9kZWxCYWNrZW5kIn0=','2016-10-20 01:59:53.995532');
INSERT INTO "django_session" VALUES('486g9x1vdhpszfgb1yguzku4j42og66u','NThiN2NjNDEyYzYwYjQzNWI1YjVkYmFkZjg2OGM4NDI5M2NjNGUxMjp7Il9hdXRoX3VzZXJfYmFja2VuZCI6ImRqYW5nby5jb250cmliLmF1dGguYmFja2VuZHMuTW9kZWxCYWNrZW5kIiwiX2F1dGhfdXNlcl9oYXNoIjoiMzg3NTNiMzJmZjU2MzZiNWMzOTVlNzAyODk3MmI5ZTNiZmJiNzEyMiIsIl9hdXRoX3VzZXJfaWQiOiIyIn0=','2016-10-28 02:27:19.812754');
INSERT INTO "django_session" VALUES('v55qlyrwpjw5k9gvoxv1tryaqfkpajby','ZmM2ZmI1N2E0ZDUxN2UyYzgzNGRiNDJkYTUxYjNkNzQ0YjI4YzRlZDp7Il9hdXRoX3VzZXJfYmFja2VuZCI6ImRqYW5nby5jb250cmliLmF1dGguYmFja2VuZHMuTW9kZWxCYWNrZW5kIiwiX2F1dGhfdXNlcl9pZCI6IjEiLCJfYXV0aF91c2VyX2hhc2giOiJlOTU1MTBjMjM3Y2IyNDY1NjNhMGE5ZTg5YmQxOWJkN2FkOTRjYWI0In0=','2017-04-13 05:02:12.391574');
INSERT INTO "django_session" VALUES('p2dzcy3foh5cloinalk5p4lj0oqqro1a','ZGFhODdiMzY3YjBkZDVlNmRhOWVkYTQyN2EzZmI5MGUyNjk3ZWEyNDp7Il9hdXRoX3VzZXJfYmFja2VuZCI6ImRqYW5nby5jb250cmliLmF1dGguYmFja2VuZHMuTW9kZWxCYWNrZW5kIiwiX2F1dGhfdXNlcl9pZCI6IjIiLCJfYXV0aF91c2VyX2hhc2giOiIzODc1M2IzMmZmNTYzNmI1YzM5NWU3MDI4OTcyYjllM2JmYmI3MTIyIn0=','2017-04-13 05:03:30.233969');
INSERT INTO "django_session" VALUES('23qjmeo96l6m2ov766h5zp9uxwzy6sk8','OGI0ZjYwMjg2YzA1NTI4ZDcwNzAxMDJmMjY1OTY2ODdiZWJkYTBjZTp7Il9hdXRoX3VzZXJfaWQiOiIyIiwiX2F1dGhfdXNlcl9iYWNrZW5kIjoiZGphbmdvLmNvbnRyaWIuYXV0aC5iYWNrZW5kcy5Nb2RlbEJhY2tlbmQiLCJfYXV0aF91c2VyX2hhc2giOiIzODc1M2IzMmZmNTYzNmI1YzM5NWU3MDI4OTcyYjllM2JmYmI3MTIyIn0=','2017-04-16 02:49:01.742467');
INSERT INTO "django_session" VALUES('cibggjkrro8506x2tetzw83aampcavlq','MTk5M2Y1NTk1MGEyOGEwY2ZhZWFjZWM5MDczYTg5NmUzYmRlN2YyODp7Il9hdXRoX3VzZXJfYmFja2VuZCI6ImRqYW5nby5jb250cmliLmF1dGguYmFja2VuZHMuTW9kZWxCYWNrZW5kIiwiX2F1dGhfdXNlcl9oYXNoIjoiZTk1NTEwYzIzN2NiMjQ2NTYzYTBhOWU4OWJkMTliZDdhZDk0Y2FiNCIsIl9hdXRoX3VzZXJfaWQiOiIxIn0=','2017-04-29 01:17:57.759338');
CREATE TABLE "stocks_player" ("id" integer NOT NULL PRIMARY KEY AUTOINCREMENT, "points" integer NOT NULL, "floor_id" integer NOT NULL REFERENCES "stocks_floor" ("id"), "user_id" integer NOT NULL REFERENCES "auth_user" ("id"));
INSERT INTO "stocks_player" VALUES(1,15319,1,1);
INSERT INTO "stocks_player" VALUES(3,5588,1,2);
INSERT INTO "stocks_player" VALUES(8,16239,1,3);
INSERT INTO "stocks_player" VALUES(20,695682,6,1);
INSERT INTO "stocks_player" VALUES(21,10361,6,3);
INSERT INTO "stocks_player" VALUES(22,6797,6,2);
INSERT INTO "stocks_player" VALUES(25,93,7,3);
INSERT INTO "stocks_player" VALUES(36,8238,12,1);
INSERT INTO "stocks_player" VALUES(37,662,12,3);
INSERT INTO "stocks_player" VALUES(38,1957,12,2);
INSERT INTO "stocks_player" VALUES(40,0,7,2);
CREATE TABLE "stocks_floor_stocks" ("id" integer NOT NULL PRIMARY KEY AUTOINCREMENT, "floor_id" integer NOT NULL REFERENCES "stocks_floor" ("id"), "stock_id" integer NOT NULL REFERENCES "stocks_stock" ("id"), UNIQUE ("floor_id", "stock_id"));
INSERT INTO "stocks_floor_stocks" VALUES(92,7,65);
INSERT INTO "stocks_floor_stocks" VALUES(148,6,40);
INSERT INTO "stocks_floor_stocks" VALUES(149,6,41);
INSERT INTO "stocks_floor_stocks" VALUES(150,6,42);
INSERT INTO "stocks_floor_stocks" VALUES(151,6,43);
INSERT INTO "stocks_floor_stocks" VALUES(152,6,47);
INSERT INTO "stocks_floor_stocks" VALUES(153,6,48);
INSERT INTO "stocks_floor_stocks" VALUES(154,6,49);
INSERT INTO "stocks_floor_stocks" VALUES(155,6,50);
INSERT INTO "stocks_floor_stocks" VALUES(156,6,53);
INSERT INTO "stocks_floor_stocks" VALUES(157,6,24);
INSERT INTO "stocks_floor_stocks" VALUES(255,1,1);
INSERT INTO "stocks_floor_stocks" VALUES(256,1,2);
INSERT INTO "stocks_floor_stocks" VALUES(257,1,3);
INSERT INTO "stocks_floor_stocks" VALUES(258,1,4);
INSERT INTO "stocks_floor_stocks" VALUES(259,1,5);
INSERT INTO "stocks_floor_stocks" VALUES(260,1,6);
INSERT INTO "stocks_floor_stocks" VALUES(261,1,7);
INSERT INTO "stocks_floor_stocks" VALUES(262,1,8);
INSERT INTO "stocks_floor_stocks" VALUES(263,1,38);
INSERT INTO "stocks_floor_stocks" VALUES(264,1,67);
INSERT INTO "stocks_floor_stocks" VALUES(265,1,13);
INSERT INTO "stocks_floor_stocks" VALUES(266,1,47);
INSERT INTO "stocks_floor_stocks" VALUES(267,1,48);
INSERT INTO "stocks_floor_stocks" VALUES(268,1,17);
INSERT INTO "stocks_floor_stocks" VALUES(281,12,87);
INSERT INTO "stocks_floor_stocks" VALUES(282,12,38);
INSERT INTO "stocks_floor_stocks" VALUES(283,12,4);
INSERT INTO "stocks_floor_stocks" VALUES(284,12,88);
INSERT INTO "stocks_floor_stocks" VALUES(285,12,89);
INSERT INTO "stocks_floor_stocks" VALUES(286,12,90);
INSERT INTO "stocks_floor_stocks" VALUES(287,6,91);
INSERT INTO "stocks_floor_stocks" VALUES(296,12,95);
INSERT INTO "stocks_floor_stocks" VALUES(297,6,96);
CREATE TABLE "stocks_player_stocks" ("id" integer NOT NULL PRIMARY KEY AUTOINCREMENT, "player_id" integer NOT NULL REFERENCES "stocks_player" ("id"), "stock_id" integer NOT NULL REFERENCES "stocks_stock" ("id"), UNIQUE ("player_id", "stock_id"));
INSERT INTO "stocks_player_stocks" VALUES(128,8,8);
INSERT INTO "stocks_player_stocks" VALUES(129,8,4);
INSERT INTO "stocks_player_stocks" VALUES(130,8,2);
INSERT INTO "stocks_player_stocks" VALUES(131,25,65);
INSERT INTO "stocks_player_stocks" VALUES(134,22,48);
INSERT INTO "stocks_player_stocks" VALUES(135,22,41);
INSERT INTO "stocks_player_stocks" VALUES(144,21,40);
INSERT INTO "stocks_player_stocks" VALUES(145,21,24);
INSERT INTO "stocks_player_stocks" VALUES(146,21,42);
INSERT INTO "stocks_player_stocks" VALUES(147,21,43);
INSERT INTO "stocks_player_stocks" VALUES(155,20,49);
INSERT INTO "stocks_player_stocks" VALUES(158,20,53);
INSERT INTO "stocks_player_stocks" VALUES(159,20,47);
INSERT INTO "stocks_player_stocks" VALUES(160,3,48);
INSERT INTO "stocks_player_stocks" VALUES(161,3,17);
INSERT INTO "stocks_player_stocks" VALUES(166,1,67);
INSERT INTO "stocks_player_stocks" VALUES(199,3,13);
INSERT INTO "stocks_player_stocks" VALUES(200,3,38);
INSERT INTO "stocks_player_stocks" VALUES(277,3,7);
INSERT INTO "stocks_player_stocks" VALUES(281,37,87);
INSERT INTO "stocks_player_stocks" VALUES(285,36,4);
INSERT INTO "stocks_player_stocks" VALUES(286,36,88);
INSERT INTO "stocks_player_stocks" VALUES(287,36,89);
INSERT INTO "stocks_player_stocks" VALUES(288,38,38);
INSERT INTO "stocks_player_stocks" VALUES(289,38,90);
INSERT INTO "stocks_player_stocks" VALUES(290,20,91);
INSERT INTO "stocks_player_stocks" VALUES(299,1,1);
INSERT INTO "stocks_player_stocks" VALUES(303,1,5);
INSERT INTO "stocks_player_stocks" VALUES(304,22,96);
INSERT INTO "stocks_player_stocks" VALUES(315,21,50);
INSERT INTO "stocks_player_stocks" VALUES(316,1,47);
INSERT INTO "stocks_player_stocks" VALUES(318,8,3);
INSERT INTO "stocks_player_stocks" VALUES(319,8,6);
CREATE TABLE "stocks_trade_recipientStocks" ("id" integer NOT NULL PRIMARY KEY AUTOINCREMENT, "trade_id" integer NOT NULL REFERENCES "stocks_trade" ("id"), "stock_id" integer NOT NULL REFERENCES "stocks_stock" ("id"), UNIQUE ("trade_id", "stock_id"));
CREATE TABLE "stocks_trade_senderStocks" ("id" integer NOT NULL PRIMARY KEY AUTOINCREMENT, "trade_id" integer NOT NULL REFERENCES "stocks_trade" ("id"), "stock_id" integer NOT NULL REFERENCES "stocks_stock" ("id"), UNIQUE ("trade_id", "stock_id"));
CREATE TABLE "stocks_stocksuggestion" ("id" integer NOT NULL PRIMARY KEY AUTOINCREMENT, "date" datetime NOT NULL, "floor_id" integer NOT NULL REFERENCES "stocks_floor" ("id"), "requesting_player_id" integer NOT NULL REFERENCES "stocks_player" ("id"), "stock_id" integer NOT NULL REFERENCES "stocks_stock" ("id"));
CREATE TABLE "stocks_trade" ("id" integer NOT NULL PRIMARY KEY AUTOINCREMENT, "floor_id" integer NOT NULL REFERENCES "stocks_floor" ("id"), "recipient_id" integer NOT NULL REFERENCES "stocks_player" ("id"), "sender_id" integer NOT NULL REFERENCES "stocks_player" ("id"), "date" datetime NOT NULL);
CREATE TABLE "django_admin_log" ("id" integer NOT NULL PRIMARY KEY AUTOINCREMENT, "object_id" text NULL, "object_repr" varchar(200) NOT NULL, "action_flag" smallint unsigned NOT NULL, "change_message" text NOT NULL, "content_type_id" integer NULL REFERENCES "django_content_type" ("id"), "user_id" integer NOT NULL REFERENCES "auth_user" ("id"), "action_time" datetime NOT NULL);
INSERT INTO "django_admin_log" VALUES(1,'1','ddsnowboard on FirstFloor',2,'Changed stocks.',9,1,'2015-11-12 22:55:23.407520');
INSERT INTO "django_admin_log" VALUES(2,'2','378Test',3,'',8,1,'2015-11-13 16:19:52.886808');
INSERT INTO "django_admin_log" VALUES(3,'2','JoeSchmo',1,'',4,1,'2015-11-13 17:12:47.427520');
INSERT INTO "django_admin_log" VALUES(4,'3','JoeSchmo on FirstFloor',1,'',9,1,'2015-11-13 17:12:54.442541');
INSERT INTO "django_admin_log" VALUES(5,'2','JoeSchmo',2,'Changed email.',4,1,'2015-11-13 17:13:56.918050');
INSERT INTO "django_admin_log" VALUES(6,'3','csal',3,'',8,1,'2015-11-16 02:21:26.527748');
INSERT INTO "django_admin_log" VALUES(7,'13','Communications Sales & Leasing, (CSAL)',2,'Changed company_name.',7,1,'2015-11-17 01:54:13.344372');
INSERT INTO "django_admin_log" VALUES(8,'13','Communications Sales & Leasing, (CSAL)',2,'Changed last_updated and price.',7,1,'2015-11-17 01:54:58.321641');
INSERT INTO "django_admin_log" VALUES(9,'4','csal',3,'',8,1,'2015-11-17 01:58:32.838734');
INSERT INTO "django_admin_log" VALUES(10,'5','FlortyFloor',3,'',8,1,'2015-11-19 02:09:01.046059');
INSERT INTO "django_admin_log" VALUES(11,'1','FirstFloor',2,'Changed stocks.',8,1,'2015-11-19 02:37:12.911979');
INSERT INTO "django_admin_log" VALUES(12,'3','Floor',1,'',4,1,'2015-11-28 23:36:04.699660');
INSERT INTO "django_admin_log" VALUES(13,'2','FloorUser',3,'',3,1,'2015-11-28 23:52:18.474342');
INSERT INTO "django_admin_log" VALUES(14,'3','Floor',2,'Changed groups.',4,1,'2015-11-28 23:52:35.981036');
INSERT INTO "django_admin_log" VALUES(15,'7','Floor on FirstFloor',1,'',9,1,'2015-11-28 23:53:34.548312');
INSERT INTO "django_admin_log" VALUES(16,'7','Floor on FirstFloor',3,'',9,1,'2015-11-28 23:54:32.880451');
INSERT INTO "django_admin_log" VALUES(17,'8','Floor on FirstFloor',1,'',9,1,'2015-11-28 23:54:41.161155');
INSERT INTO "django_admin_log" VALUES(18,'1','FirstFloor',2,'Changed floorPlayer.',8,1,'2015-11-29 22:25:08.748337');
INSERT INTO "django_admin_log" VALUES(19,'2','floorTest',3,'',8,1,'2015-11-29 22:35:11.522482');
INSERT INTO "django_admin_log" VALUES(20,'3','floorTest',3,'',8,1,'2015-11-29 22:35:49.996995');
INSERT INTO "django_admin_log" VALUES(21,'2','JoeSchmo',2,'Changed password.',4,1,'2015-11-29 22:36:59.981932');
INSERT INTO "django_admin_log" VALUES(22,'4','floorTest2',3,'',8,1,'2015-11-29 22:40:02.031848');
INSERT INTO "django_admin_log" VALUES(23,'8','Floor on FirstFloor',2,'Changed stocks.',9,1,'2015-11-29 22:44:34.662134');
INSERT INTO "django_admin_log" VALUES(24,'3','JoeSchmo on FirstFloor',2,'Changed stocks.',9,1,'2015-11-29 22:44:42.113300');
INSERT INTO "django_admin_log" VALUES(25,'1','ddsnowboard on FirstFloor',2,'Changed stocks.',9,1,'2015-11-29 22:44:46.124471');
INSERT INTO "django_admin_log" VALUES(26,'3','Trade from ddsnowboard to Floor on floorTest',3,'',10,1,'2015-11-29 23:14:52.369279');
INSERT INTO "django_admin_log" VALUES(27,'2','Trade from ddsnowboard to Floor on floorTest',3,'',10,1,'2015-11-29 23:14:52.379969');
INSERT INTO "django_admin_log" VALUES(28,'1','Trade from ddsnowboard to Floor on FirstFloor',3,'',10,1,'2015-11-29 23:14:52.385498');
INSERT INTO "django_admin_log" VALUES(29,'5','Trade from ddsnowboard to Floor on FirstFloor',3,'',10,1,'2015-12-01 02:54:59.517704');
INSERT INTO "django_admin_log" VALUES(30,'4','Trade from ddsnowboard to Floor on floorTest',3,'',10,1,'2015-12-01 02:54:59.523155');
INSERT INTO "django_admin_log" VALUES(31,'18','ddsnowboard on floorTest',2,'Changed stocks.',9,1,'2015-12-01 03:03:52.167805');
INSERT INTO "django_admin_log" VALUES(32,'3','Tata Motors Ltd (TTM)',2,'Changed company_name.',7,1,'2015-12-01 03:11:50.339845');
INSERT INTO "django_admin_log" VALUES(33,'7','Trade from ddsnowboard to Floor on FirstFloor',3,'',10,1,'2015-12-01 03:24:03.962572');
INSERT INTO "django_admin_log" VALUES(34,'9','Trade from ddsnowboard to Floor on FirstFloor',3,'',10,1,'2015-12-01 03:29:43.691390');
INSERT INTO "django_admin_log" VALUES(35,'8','Trade from ddsnowboard to Floor on FirstFloor',3,'',10,1,'2015-12-01 03:29:43.702320');
INSERT INTO "django_admin_log" VALUES(36,'11','Trade from ddsnowboard to Floor on FirstFloor',3,'',10,1,'2015-12-01 03:31:05.098854');
INSERT INTO "django_admin_log" VALUES(37,'10','Trade from ddsnowboard to Floor on FirstFloor',3,'',10,1,'2015-12-01 03:31:05.113692');
INSERT INTO "django_admin_log" VALUES(38,'13','Trade from ddsnowboard to Floor on floorTest',3,'',10,1,'2015-12-01 03:33:12.544855');
INSERT INTO "django_admin_log" VALUES(39,'15','Trade from ddsnowboard to Floor on FirstFloor',3,'',10,1,'2015-12-01 03:37:06.316219');
INSERT INTO "django_admin_log" VALUES(40,'14','Trade from ddsnowboard to Floor on FirstFloor',3,'',10,1,'2015-12-01 03:37:06.321932');
INSERT INTO "django_admin_log" VALUES(41,'16','Trade from ddsnowboard to Floor on FirstFloor',3,'',10,1,'2015-12-01 03:37:59.931977');
INSERT INTO "django_admin_log" VALUES(42,'17','Trade from ddsnowboard to Floor on FirstFloor',3,'',10,1,'2015-12-01 03:38:47.111329');
INSERT INTO "django_admin_log" VALUES(43,'18','Trade from ddsnowboard to Floor on FirstFloor',3,'',10,1,'2015-12-01 03:47:09.686660');
INSERT INTO "django_admin_log" VALUES(44,'2','Trade from ddsnowboard to JoeSchmo on FirstFloor',3,'',10,1,'2015-12-05 01:35:36.016200');
INSERT INTO "django_admin_log" VALUES(45,'5','Trade from ddsnowboard to JoeSchmo on FirstFloor',3,'',10,1,'2015-12-08 02:06:07.905177');
INSERT INTO "django_admin_log" VALUES(46,'8','Trade from ddsnowboard to JoeSchmo on FirstFloor',3,'',10,1,'2015-12-08 02:31:50.092946');
INSERT INTO "django_admin_log" VALUES(47,'14','Trade from JoeSchmo to ddsnowboard on FirstFloor',3,'',10,1,'2015-12-08 02:44:05.312664');
INSERT INTO "django_admin_log" VALUES(48,'18','Trade from JoeSchmo to ddsnowboard on FirstFloor',3,'',10,1,'2015-12-08 02:54:39.756735');
INSERT INTO "django_admin_log" VALUES(49,'19','Trade from ddsnowboard to JoeSchmo on FirstFloor',2,'Changed senderStocks.',10,1,'2015-12-08 02:54:56.467129');
INSERT INTO "django_admin_log" VALUES(50,'22','Trade from JoeSchmo to ddsnowboard on FirstFloor',3,'',10,1,'2015-12-08 03:03:21.682406');
INSERT INTO "django_admin_log" VALUES(51,'29','Trade from ddsnowboard to Floor on FirstFloor',3,'',10,1,'2015-12-09 19:04:18.011087');
INSERT INTO "django_admin_log" VALUES(52,'35','Gamestop Corporation Common Sto (GME)',3,'',7,1,'2015-12-09 19:12:59.845607');
INSERT INTO "django_admin_log" VALUES(53,'36','Gamestop Corporation Common Sto (GME)',3,'',7,1,'2015-12-09 19:19:15.185288');
INSERT INTO "django_admin_log" VALUES(54,'37','American Science and Engineerin (ASEI)',3,'',7,1,'2015-12-09 19:19:28.247849');
INSERT INTO "django_admin_log" VALUES(55,'6','PermissiveFloor',2,'Changed name.',8,1,'2015-12-09 19:30:59.973697');
INSERT INTO "django_admin_log" VALUES(56,'5','FloorTest',2,'Changed name.',8,1,'2015-12-09 19:31:07.565467');
INSERT INTO "django_admin_log" VALUES(57,'2','StockSuggestion object',3,'',11,1,'2015-12-09 21:23:29.536897');
INSERT INTO "django_admin_log" VALUES(58,'1','StockSuggestion object',3,'',11,1,'2015-12-09 21:23:29.564890');
INSERT INTO "django_admin_log" VALUES(59,'51','Elbit Imaging Ltd. (EMITF)',3,'',7,1,'2015-12-12 17:37:26.209675');
INSERT INTO "django_admin_log" VALUES(60,'52','iShares S&amp;P Emerging Markets In (EMIF)',3,'',7,1,'2015-12-12 17:48:02.352060');
INSERT INTO "django_admin_log" VALUES(61,'55','Lehman ABS 3.50 3.50% Adjustabl (JBK)',3,'',7,1,'2015-12-12 19:59:53.022803');
INSERT INTO "django_admin_log" VALUES(62,'54','Goldman Sachs Group, Inc. (The) (GS)',3,'',7,1,'2015-12-12 19:59:53.037038');
INSERT INTO "django_admin_log" VALUES(63,'56','Corts 7.625 Pfd Common Stock (KTP)',3,'',7,1,'2015-12-12 20:01:08.779263');
INSERT INTO "django_admin_log" VALUES(64,'57','LookSmart, Ltd. (LOOK)',3,'',7,1,'2015-12-12 20:02:26.601683');
INSERT INTO "django_admin_log" VALUES(65,'66','Berkshire Hathaway Inc. New Com (BRK-B)',3,'',7,1,'2015-12-16 18:57:40.854647');
INSERT INTO "django_admin_log" VALUES(66,'22','JoeSchmo on PermissiveFloor',2,'Changed points.',9,1,'2015-12-18 16:36:02.353664');
INSERT INTO "django_admin_log" VALUES(67,'21','Floor on PermissiveFloor',2,'No fields changed.',9,1,'2015-12-18 16:36:10.299834');
INSERT INTO "django_admin_log" VALUES(68,'21','Floor on PermissiveFloor',2,'Changed points.',9,1,'2015-12-18 16:36:14.453585');
INSERT INTO "django_admin_log" VALUES(69,'20','ddsnowboard on PermissiveFloor',2,'Changed points.',9,1,'2015-12-18 16:36:19.376027');
INSERT INTO "django_admin_log" VALUES(70,'20','ddsnowboard on PermissiveFloor',2,'Changed points.',9,1,'2015-12-18 16:36:23.481750');
INSERT INTO "django_admin_log" VALUES(71,'3','JoeSchmo on FirstFloor',2,'Changed points.',9,1,'2015-12-18 16:36:29.699830');
INSERT INTO "django_admin_log" VALUES(72,'1','ddsnowboard on FirstFloor',2,'Changed points.',9,1,'2015-12-18 16:36:33.849846');
INSERT INTO "django_admin_log" VALUES(73,'1','FirstFloor',2,'Changed num_stocks.',8,1,'2015-12-23 18:51:22.858605');
INSERT INTO "django_admin_log" VALUES(74,'1','FirstFloor',2,'Changed num_stocks.',8,1,'2015-12-23 18:51:33.710120');
INSERT INTO "django_admin_log" VALUES(75,'9','TinyFloor',3,'',8,1,'2015-12-24 19:10:52.575116');
INSERT INTO "django_admin_log" VALUES(76,'63','Trade from JoeSchmo to Floor on TinyFloor',3,'',10,1,'2015-12-26 22:49:36.444845');
INSERT INTO "django_admin_log" VALUES(77,'78','Viacom Inc. (VIA)',3,'',7,1,'2015-12-26 23:20:50.034028');
INSERT INTO "django_admin_log" VALUES(78,'32','JoeSchmo on TinyFloor',2,'Changed stocks.',9,1,'2015-12-26 23:28:56.158053');
INSERT INTO "django_admin_log" VALUES(79,'31','Floor on TinyFloor',2,'Changed stocks.',9,1,'2015-12-26 23:29:02.986811');
INSERT INTO "django_admin_log" VALUES(80,'79','Viacom Inc. (VIA)',3,'',7,1,'2015-12-26 23:29:44.668307');
INSERT INTO "django_admin_log" VALUES(81,'80','Viacom Inc. (VIA)',3,'',7,1,'2015-12-27 00:37:45.019134');
INSERT INTO "django_admin_log" VALUES(82,'81','Viacom Inc. (VIA)',3,'',7,1,'2015-12-27 00:42:17.447162');
INSERT INTO "django_admin_log" VALUES(83,'82','Viacom Inc. (VIA)',3,'',7,1,'2015-12-27 00:54:59.602001');
INSERT INTO "django_admin_log" VALUES(84,'46','Exxon Mobil Corporation Common  (XOM)',3,'',7,1,'2015-12-27 01:04:38.407185');
INSERT INTO "django_admin_log" VALUES(85,'84','Exxon Mobil Corporation Common  (XOM)',3,'',7,1,'2015-12-27 01:06:15.338342');
INSERT INTO "django_admin_log" VALUES(86,'85','Exxon Mobil Corporation Common  (XOM)',3,'',7,1,'2015-12-27 01:08:53.241325');
INSERT INTO "django_admin_log" VALUES(87,'11','PrivateFloor',3,'',8,1,'2015-12-30 00:17:18.680285');
INSERT INTO "django_admin_log" VALUES(88,'13','FloorTest',3,'',8,1,'2016-01-03 22:24:21.119995');
INSERT INTO "django_admin_log" VALUES(89,'13','FloorTest1',3,'',8,1,'2016-01-03 22:30:46.988367');
INSERT INTO "django_admin_log" VALUES(90,'5','FloorTest',3,'',8,1,'2016-01-03 22:30:47.001713');
INSERT INTO "django_admin_log" VALUES(91,'14','Snapple',3,'',8,1,'2016-01-22 15:08:26.094210');
INSERT INTO "django_admin_log" VALUES(92,'15','pollolock',3,'',8,1,'2016-01-22 15:13:31.579063');
INSERT INTO "django_admin_log" VALUES(93,'16','tester',3,'',8,1,'2016-01-22 15:14:43.709015');
INSERT INTO "django_admin_log" VALUES(94,'1','ddsnowboard on FirstFloor',2,'Changed stocks.',9,1,'2016-02-26 01:54:21.841514');
INSERT INTO "django_admin_log" VALUES(95,'1','ddsnowboard on FirstFloor',2,'Changed stocks.',9,1,'2016-02-26 02:09:29.223625');
INSERT INTO "django_admin_log" VALUES(96,'1','ddsnowboard on FirstFloor',2,'Changed stocks.',9,1,'2016-02-26 02:10:15.718215');
INSERT INTO "django_admin_log" VALUES(97,'31','AdvisorShares Sunrise Global Mu (MULT)',3,'',7,1,'2016-10-06 01:57:34.785769');
INSERT INTO "django_admin_log" VALUES(98,'33','Gyrodyne , LLC (GYRO)',3,'',7,1,'2017-04-02 02:29:28.582476');
INSERT INTO "django_admin_log" VALUES(99,'77','1347 Capital Corp. (TFSCU)',3,'',7,1,'2017-04-02 02:32:19.733976');
INSERT INTO "django_admin_log" VALUES(100,'27','1347 Capital Corp. (TFSC)',3,'',7,1,'2017-04-02 02:32:19.742463');
INSERT INTO "django_admin_log" VALUES(101,'12','1347 Capital Corp. (TFSCR)',3,'',7,1,'2017-04-02 02:32:19.748590');
INSERT INTO "django_admin_log" VALUES(102,'72','You On Demand Holdings, Inc. (YOD)',3,'',7,1,'2017-04-02 02:34:03.786143');
INSERT INTO "django_admin_log" VALUES(103,'60','Joe''s Jeans Inc. (JOEZ)',3,'',7,1,'2017-04-02 02:34:03.803700');
INSERT INTO "django_admin_log" VALUES(104,'58','LookSmart, Ltd. (LOOK)',3,'',7,1,'2017-04-02 02:34:03.811538');
INSERT INTO "django_admin_log" VALUES(105,'26','1st Century Bancshares, Inc (FCTY)',3,'',7,1,'2017-04-02 02:34:51.686240');
INSERT INTO "django_admin_log" VALUES(106,'17','BrandNewTest',3,'',8,1,'2017-04-15 01:21:13.561892');
INSERT INTO "django_admin_log" VALUES(107,'18','BrandNewTest',3,'',8,1,'2017-04-15 01:21:36.630923');
INSERT INTO "django_admin_log" VALUES(108,'4','testerMan',1,'Added.',4,1,'2017-04-18 00:16:17.462988');
CREATE TABLE "auth_user" ("id" integer NOT NULL PRIMARY KEY AUTOINCREMENT, "password" varchar(128) NOT NULL, "last_login" datetime NULL, "is_superuser" bool NOT NULL, "first_name" varchar(30) NOT NULL, "last_name" varchar(30) NOT NULL, "email" varchar(254) NOT NULL, "is_staff" bool NOT NULL, "is_active" bool NOT NULL, "date_joined" datetime NOT NULL, "username" varchar(30) NOT NULL UNIQUE);
INSERT INTO "auth_user" VALUES(1,'pbkdf2_sha256$24000$fhB3Hfg3ikUf$oI/kdhdrQt+8fhon2wjXbrzbcPSs1L0xZtYxWcfdnO0=','2017-04-15 01:17:57.751478',1,'','Koster','ddsnowboard@gmail.com',1,1,'2015-11-12 22:53:14.494006','ddsnowboard');
INSERT INTO "auth_user" VALUES(2,'pbkdf2_sha256$24000$kFG33oXBLyZD$/qjAZNSEwcX1RJw4xDpyLa+yYxmkhsvyShYYzI5J3kQ=','2017-04-02 02:49:01.736901',0,'','','joe@test.net',0,1,'2015-11-13 17:12:47','JoeSchmo');
INSERT INTO "auth_user" VALUES(3,'pbkdf2_sha256$20000$wc2Vw3E1yVG6$rDvyeJKSi7WuxIloG2I9eGXeV9JkKqheP3/Xtj2eNPE=',NULL,0,'','','',0,1,'2015-11-28 23:36:04','Floor');
INSERT INTO "auth_user" VALUES(4,'pbkdf2_sha256$24000$vROPCXHB52Al$y4u3R2zhMmYF+Gt0CCjWj1wggnAAaF8xb/KQFSAZUkw=',NULL,0,'','','',0,1,'2017-04-18 00:16:17.436212','testerMan');
CREATE TABLE "stocks_floor" ("id" integer NOT NULL PRIMARY KEY AUTOINCREMENT, "permissiveness" varchar(15) NOT NULL, "owner_id" integer NULL REFERENCES "auth_user" ("id"), "floorPlayer_id" integer NULL REFERENCES "stocks_player" ("id"), "num_stocks" integer NOT NULL, "public" bool NOT NULL, "name" varchar(35) NOT NULL UNIQUE);
INSERT INTO "stocks_floor" VALUES(1,'open',1,8,10,0,'FirstFloor');
INSERT INTO "stocks_floor" VALUES(6,'permissive',1,21,10,1,'PermissiveFloor');
INSERT INTO "stocks_floor" VALUES(7,'open',1,25,10,1,'George');
INSERT INTO "stocks_floor" VALUES(12,'closed',1,37,5,0,'SmallFloor');
CREATE TABLE "stocksApi_sessionid" ("id" integer NOT NULL PRIMARY KEY AUTOINCREMENT, "id_string" varchar(64) NOT NULL UNIQUE, "exp_date" datetime NOT NULL, "associated_user_id" integer NOT NULL REFERENCES "auth_user" ("id"));
INSERT INTO "stocksApi_sessionid" VALUES(1,'KyorBstiOIRdAiEd067irA3QtojkIQAtvwof01dVONnEYzYyAHcLfbG1eSNSEfIc','2017-04-18 00:36:45.431880',4);
INSERT INTO "stocksApi_sessionid" VALUES(2,'70EMBjEMim9P0aqvZCvNPd2OB9vdbTZMZxriNrF0UCcHyGJoD23aojRY831Jbkor','2017-04-18 00:37:14.785331',4);
INSERT INTO "stocksApi_sessionid" VALUES(3,'Rgp0rlg46yGXmPkanWnTSDiFGe14qb0LrI5Ld9wxJ54iMRNUEh41gmGbM3uRJE8s','2017-04-18 00:37:14.860289',4);
INSERT INTO "stocksApi_sessionid" VALUES(4,'YS8xPOO7EgXz39qbWoFJAJ509Sjuwikxi07uNJHu9vuZWznqowhFycogeKLd8kf0','2017-04-18 00:59:56.983111',4);
INSERT INTO "stocksApi_sessionid" VALUES(5,'du7Kl10HkiZeupKG5yLWjh2yRSQjGC4GjrGiSiey4BKckL4tepgyBGY9KFGZTkic','2017-04-18 00:59:57.082710',4);
INSERT INTO "stocksApi_sessionid" VALUES(6,'8iVXNmu0LjmNE2w0mjbaaOyOLfgty5FTdejmC1pAw7b50CsiRZINkgU55zUFEvkj','2017-04-18 01:07:37.611407',4);
INSERT INTO "stocksApi_sessionid" VALUES(7,'5ynT9ZN0Nga2sj1TBfMH9xVMwiDvsetMNn3cOqFHKt73vfm1QL2i6fNTSJ7dXwbG','2017-04-18 01:07:37.995273',4);
INSERT INTO "stocksApi_sessionid" VALUES(8,'uXJVvK12CgwqXvKSHhWMBKJSK2Xq3UH3PHZ2W6CezWZKApyAxNAApVCYuJITjuDe','2017-04-18 01:12:58.594471',4);
INSERT INTO "stocksApi_sessionid" VALUES(9,'JP0fLTSDVNKNErUEhIjShLi8xl6zS493ejRV6vvoqSxNFN9Q5Ne9MRzNCwia3o7t','2017-04-18 01:12:58.941558',4);
INSERT INTO "stocksApi_sessionid" VALUES(10,'DBREgSdo7FxgdPcYEeblENl7OMOJSmfCksY6wgejDLsnKKRvXqag9JSe6LTi8SZ1','2017-04-18 01:26:17.782406',4);
INSERT INTO "stocksApi_sessionid" VALUES(11,'Z9hLu2Bsou0OPmRaFO6o7IJp98gnzNH2VHykziSNnMCAasdzMp4N1Nwada6NNERM','2017-04-18 01:26:17.847980',4);
INSERT INTO "stocksApi_sessionid" VALUES(12,'LWyGY8WoswNiE8GuEsvv8MKLHYiNXbeEK8XrFHNWapqPTr9Ot7OfV3OQAcCwmQCg','2017-04-18 01:31:08.582721',4);
INSERT INTO "stocksApi_sessionid" VALUES(13,'DWd6HyBTq2EXvMGC7xPaYRVpcaVRKP2JIBLSsynbIPMfLwL7B0LaAvGskIuZ3nDM','2017-04-18 01:31:08.700176',4);
INSERT INTO "stocksApi_sessionid" VALUES(14,'POPUeqvz2VIAtkD2PxYKr9bwSE4a1iinAtwSVApAm6JVctm1h0EM5DgEgV6tNMI0','2017-04-18 01:35:19.386910',4);
INSERT INTO "stocksApi_sessionid" VALUES(15,'775VUTUhZD1rxLF5JixWpJaihAvAtQRRRkVAZuESDwlymIH95kc4ZT2ScHQmW1jn','2017-04-18 01:35:20.180640',4);
INSERT INTO "stocksApi_sessionid" VALUES(16,'hQi4uiAD76GpZvTqHKxUEwIVnQJcXcDvf134gEW7GCwwZ9IbBT3k49veXA8ZHxwM','2017-04-18 01:37:56.405095',4);
INSERT INTO "stocksApi_sessionid" VALUES(17,'F6abgGjBGY2XzSMrS4lF2CFdscyk1yJ1Wq3yFjvD9TH7T2Ycm7KK3IF9XRKv7QJU','2017-04-18 01:37:56.474465',4);
INSERT INTO "stocksApi_sessionid" VALUES(18,'cRpVglkXElmXGaHnkQFP1M4DyPPoEWHsdGUFASHUcElKgaYbQlfFUnkkX3KyJelG','2017-04-18 01:41:43.945099',4);
INSERT INTO "stocksApi_sessionid" VALUES(19,'SmAeKAJ3pelpwQvtI6MEK8m9xAhFYxJnLVLsSZa8GGPkU5HsYqvw6hDvmrgxbb8x','2017-04-18 01:41:45.226444',4);
INSERT INTO "stocksApi_sessionid" VALUES(20,'E2V26cKcqiP07eAqYxqtevrtkW36go1XDbwWXLZrnCxvO7jWn9jMHSlMyCQUoNIh','2017-04-18 01:44:51.772672',4);
INSERT INTO "stocksApi_sessionid" VALUES(21,'DGGWLbR5QmbnvfQprwhYQwU2Y3DqhBIhiOCpIh2TF5MfanhleHYoGFBFUf1sFxqz','2017-04-18 01:44:51.852517',4);
INSERT INTO "stocksApi_sessionid" VALUES(22,'JUpK29swRH9IYZFZuNEfapDQtyRW3C4MLlombHJUXE2ADo8vi7kDAnQpihw8mugw','2017-04-18 01:45:41.912305',4);
INSERT INTO "stocksApi_sessionid" VALUES(23,'EzdSs6la1t7XHGvgno5eAuZbVdckTQinsBDjy9XIK4pjhuV9bkHWjePppmC2Ynnu','2017-04-18 01:45:43.082524',4);
INSERT INTO "stocksApi_sessionid" VALUES(24,'DJxOSnnaic2Aj3RkSuOUn9uNReZGrisyIcIAsdLU4vEkA9Y7SpI25w7lGEMK7uj6','2017-04-18 01:45:51.471355',4);
INSERT INTO "stocksApi_sessionid" VALUES(25,'vkyLule1s4l6lWHfwZXPEovZSpUQPyJuY5wg4JRy8z9WzczgAR1yIepI2cTHG87m','2017-04-18 01:45:52.318049',4);
INSERT INTO "stocksApi_sessionid" VALUES(26,'AdcMZiEmvQLkW2GUSXT8eC5TdelLO2SE2k7ZQa3SHsBoOPKws7UUcuEYD3Esq3Aq','2017-04-18 01:46:01.952453',4);
INSERT INTO "stocksApi_sessionid" VALUES(27,'HqtcLXuaUF4oOedCa0btC0oZOdTE1ZIKHUUEdmhC0vGpGWiAaz8jK1gzKLqw0xWu','2017-04-18 01:46:02.037802',4);
INSERT INTO "stocksApi_sessionid" VALUES(28,'KLIvDo9N9Q7g98zuGFVxoZKccUOWceu2T1LCK8ZZZ5V1UNffeE8StQG1dmYFOg0e','2017-04-18 01:47:32.823106',4);
INSERT INTO "stocksApi_sessionid" VALUES(29,'FfHDUSnuKv8Nb3OsCHqdNxCGpuVr78ULv0SOVAfoXXv4841R8T0RtJqZF6bLnT6O','2017-04-18 01:47:32.960041',4);
INSERT INTO "stocksApi_sessionid" VALUES(30,'EV1EY0IGUkipqSkv8o2rCEDXYarQN2G5oOgeGJe1p15SyafvYbudQpbTJ2Dgnd1V','2017-04-18 01:48:09.359409',4);
INSERT INTO "stocksApi_sessionid" VALUES(31,'xvlrRuy46FtmoCSbhdAU7z6C7qFB5M7AF6YaVdE22ZFCkwVT12eBB9Xij0CvVGuh','2017-04-18 01:48:10.547151',4);
INSERT INTO "stocksApi_sessionid" VALUES(32,'fa3w7Pc7a6VdCO4NjuJkh6jZJdMu8uK5KJyAZ2pSBbzki7vvz73fFGctS3CLCn3e','2017-04-18 01:49:51.407485',4);
INSERT INTO "stocksApi_sessionid" VALUES(33,'0c6UNRhT956iQTbwb5xWmAWGSLCzCGfzjP3UABRaDBIouopzyl89ARgL6qRT75KH','2017-04-18 01:49:51.478172',4);
INSERT INTO "stocksApi_sessionid" VALUES(34,'Hbkk09Udnray43siHHsZ2R9QTUshKjCc1L2CzTrtKCmMcst8dSVkW07C9FoEk716','2017-04-18 01:50:41.763895',4);
INSERT INTO "stocksApi_sessionid" VALUES(35,'c06UYTTYzwZVu5RhPW20ckvl26Fa0o1kjIkI8K0pk9e0iP2AHAFw1GFhA1OQcln4','2017-04-18 01:50:42.935072',4);
INSERT INTO "stocksApi_sessionid" VALUES(36,'9JmkFDUSlG4ls65hjtIaJjZHySdtHru0WL8lCi2HSSLrlMrySLtIX1l81BLWG8x1','2017-04-18 01:54:02.186407',4);
INSERT INTO "stocksApi_sessionid" VALUES(37,'agKeKfuLVTj2FW4SEN9jgEy720zXAEXZzyPPs6xRgAngNMbmwoX60JsARUmRkame','2017-04-18 01:54:02.250168',4);
INSERT INTO "stocksApi_sessionid" VALUES(38,'fRUBrThKCAhjtGmSN0DQggjWBi3sp5AiO7njERijXKWI3uEqci2mq4I6Fz4WlgOZ','2017-04-18 01:54:43.808303',4);
INSERT INTO "stocksApi_sessionid" VALUES(39,'kyJsWEglYifBtsnRWAitbKSUcKsZ9nxnV170zWUwky9JdQqJF7wVvh518e39eo9X','2017-04-18 01:54:44.783493',4);
INSERT INTO "stocksApi_sessionid" VALUES(40,'twiGBjCAn7EPeZlXpN5Sh3nxipPaMMpdkJDegTmQn1TzJvLAgjeto9jaTEn185fv','2017-04-18 17:29:18.854578',4);
INSERT INTO "stocksApi_sessionid" VALUES(41,'ooUDp43yhsyYS5Nnx4pnDtOlvIZp4LyKtofl1R28cqULuGfskk2OBW8IzqOea2ua','2017-04-18 17:29:19.419049',4);
INSERT INTO "stocksApi_sessionid" VALUES(42,'uMAN7f2lsdo2tOnoVLXwSOsHk6yxk9ADowrwsQWSqG6QXgN1DV6n5r9h1Gr3upMn','2017-04-18 17:29:19.455005',4);
INSERT INTO "stocksApi_sessionid" VALUES(43,'rPbHoIzaTEqxB2MyOYPoTr2z2eGVAzYfWz3is1baZQRAHXcD2WbXB05uQt8rxW9r','2017-04-18 17:29:42.590030',4);
INSERT INTO "stocksApi_sessionid" VALUES(44,'EBrqN4LtMdqS8t5hPqyzoFyOVCJYmlcPbar69Y4FVy4FeWrk62NIUR5I1fgkp3Qx','2017-04-18 17:29:43.225374',4);
INSERT INTO "stocksApi_sessionid" VALUES(45,'Mlc4jM43ndlh9vvB1MuXgPKZm9Lv6INpCaVoZikAlfoHbizKU4nOPhC3niacQJyk','2017-04-18 17:29:43.360210',4);
INSERT INTO "stocksApi_sessionid" VALUES(46,'lDOtp1vXtjMNJF6rX4J5IKMhuTJwWe3H8zgFIpbekrKXIAiM8NR1ylnLmCMxWcqm','2017-04-18 17:32:54.896855',4);
INSERT INTO "stocksApi_sessionid" VALUES(47,'wrsnLfvKz0MKxCXmRtjrgZWsPpSvTzC4SI6jthXHKV0OCT0xecoQ0c3ILBUSbxkK','2017-04-18 17:32:55.598431',4);
INSERT INTO "stocksApi_sessionid" VALUES(48,'pGf0Zj31MCSdecZiCkf6VY50zggDUVoROyUul6rCmMryHaD3ekmDD0qKUex6VP3P','2017-04-18 17:32:55.647523',4);
INSERT INTO "stocksApi_sessionid" VALUES(49,'QVJCt1OTRWKdEQzgERSLOsdvRgWovb7zjqIR9PHiXpOqE14fcU627T8jKVkuYn0R','2017-04-18 17:34:32.784682',4);
INSERT INTO "stocksApi_sessionid" VALUES(50,'uYICQeN4HOdZ70WWCENVaANmrFkoieSVaLJWaCbvvjMBfGfKnNkAEFs2QYsUwNeF','2017-04-18 17:34:32.856476',4);
INSERT INTO "stocksApi_sessionid" VALUES(51,'yDTTnCz6n8uETf0qcj9Pq6cbGqAUxyvXkKIWRroXKAimXiWNFtIRmcSVvckKcnks','2017-04-18 17:34:33.536389',4);
INSERT INTO "stocksApi_sessionid" VALUES(52,'dbjqF4gxYrVKuYiUyo4ybizOMqCE1ZBJyLr17zwEClCFvCXhyfe8NV786EDlZSPS','2017-04-18 17:35:01.446437',4);
INSERT INTO "stocksApi_sessionid" VALUES(53,'CvwTf6B3S7pWyFc8kI2VBGb7TdLXzGt4LMcdsh1HMtLj2bKA46wiVNFRON43LQM8','2017-04-18 17:35:01.527086',4);
INSERT INTO "stocksApi_sessionid" VALUES(54,'emDImu4VhAQ7vlXlxVEQD7wFAaN4QPN4ek6BnfybUQShhSwvyQ3YkKMa3XN4QqAW','2017-04-18 17:35:01.763785',4);
INSERT INTO "stocksApi_sessionid" VALUES(55,'PsgLsAdlTVJENe0Cozfq05stDBngACt9O0WYzw47Bgqa0oFwQjPLVmrjbntzINUn','2017-04-18 17:35:07.586912',4);
INSERT INTO "stocksApi_sessionid" VALUES(56,'JQtjbylylrh1BWje7vusYqTcIf0f8mWo1JyltWD7P4HlZTo6ZQtelA6piUZVcNyn','2017-04-18 17:35:08.157483',4);
INSERT INTO "stocksApi_sessionid" VALUES(57,'QAQhuHliO1mUZSnguldZqs3t3FltINIcvTs0qt4Srma8qj7uHBsTFG7vS8HqTCeu','2017-04-18 17:35:08.198311',4);
INSERT INTO "stocksApi_sessionid" VALUES(58,'nMxwOin8bq6GpAGpw8jtSg559WzP3f9qp3Rk9wmivp9YJ9OL7hBK5IfVShEmma4x','2017-04-18 17:35:11.189044',4);
INSERT INTO "stocksApi_sessionid" VALUES(59,'2Q33NgKVcJ7l0TrGwiw1rDLampdpndHtg06LeqiNkL5jojLT213B05NvWrfakvwG','2017-04-18 17:35:11.262657',4);
INSERT INTO "stocksApi_sessionid" VALUES(60,'0pDJuyNm6aNYE1nPjdNI5YsfXnGxkFtf26WtVhcypCqBPqhHey4ogwG9d6bHxkuA','2017-04-18 17:35:12.027947',4);
INSERT INTO "stocksApi_sessionid" VALUES(61,'z9AWmR2wDHVPFcghZwCtup2cGEohaWls6z36GDshAtouU3lSylnUTo2npAiLZ6Pa','2017-04-18 17:35:13.482101',4);
INSERT INTO "stocksApi_sessionid" VALUES(62,'f9QQjG8X7jKzIcY72Eli51acL8Ol6UdM7LpxsZnuiGcPPtKEnBucA5vmINFFir82','2017-04-18 17:35:13.577279',4);
INSERT INTO "stocksApi_sessionid" VALUES(63,'ez3svwnPWwY3aF3EDIZJOMnZxMZM80nk1BJYm1ivzOQCjcPWxVvk2oH4RFmQ84ME','2017-04-18 17:35:14.209555',4);
INSERT INTO "stocksApi_sessionid" VALUES(64,'3UhnoRaKI8bKUkmAcfttgYJokbC9LbDQoE3QfW5iFKGKOd8Y5yayWVI5zDvrFijf','2017-04-18 17:46:30.980815',4);
INSERT INTO "stocksApi_sessionid" VALUES(65,'4P30EIKR2pzQQOKNRT1MflSMOtRnSFhSoHPF1XFhebKT1z9E718iLVqd9ryrOqjJ','2017-04-18 17:46:31.054369',4);
INSERT INTO "stocksApi_sessionid" VALUES(66,'7tW97IsnKzzH789K67DniFVuGJtHipyX6BCenv7Gr23gNVNx39xl2QLTgwaNhhtZ','2017-04-18 17:46:31.726552',4);
INSERT INTO "stocksApi_sessionid" VALUES(67,'2AQXmBbeV3ZLnEKdxbGdQfI34gnflFo1DJNPYbHJxOqbRkgMlmsFbnbyZA6eVK05','2017-04-18 17:46:31.842299',4);
CREATE TABLE "stocks_stock" ("id" integer NOT NULL PRIMARY KEY AUTOINCREMENT, "company_name" varchar(50) NOT NULL, "symbol" varchar(4) NOT NULL, "image" varchar(100) NOT NULL, "price" decimal NOT NULL, "change" decimal NOT NULL, "last_price" decimal NOT NULL, "last_updated" datetime NOT NULL);
INSERT INTO "stocks_stock" VALUES(1,'Apple Inc.','AAPL','/images/default',141.1,-0.75,141.4,'2017-04-15 01:17:58.820839');
INSERT INTO "stocks_stock" VALUES(2,'Tesla Motors, Inc.','TSLA','/images/default',304.45,7.16,309.85,'2017-04-15 01:17:58.817998');
INSERT INTO "stocks_stock" VALUES(3,'Tata Motors Ltd Tata Motors Lim','TTM','/images/default',35.43,-0.71,36.59,'2017-04-15 01:17:58.813830');
INSERT INTO "stocks_stock" VALUES(4,'Stifel Financial Corporation Co','SF','/images/default',46.4,-0.76,47.66,'2017-04-15 01:17:58.811334');
INSERT INTO "stocks_stock" VALUES(5,'3M Company Common Stock','MMM','/images/default',189.7,-1.05,189.71,'2017-04-15 01:17:58.844936');
INSERT INTO "stocks_stock" VALUES(6,'International Business Machines','IBM','/images/default',170.66,-1.13,171.2,'2017-04-15 01:17:58.847962');
INSERT INTO "stocks_stock" VALUES(7,'General Electric Company Common','GE','/images/default',29.77,-0.21,30.01,'2017-04-15 01:17:59.301591');
INSERT INTO "stocks_stock" VALUES(8,'Alphabet Inc.','GOOG','/images/default',823.49,-0.76,822.09,'2017-04-15 01:17:59.414830');
INSERT INTO "stocks_stock" VALUES(9,'Aerie Pharmaceuticals, Inc.','AERI','/images/default',45.45,-0.1,45.45,'2017-04-02 02:35:06.679778');
INSERT INTO "stocks_stock" VALUES(10,'ABIOMED, Inc.','ABMD','/images/default',127.28,0.2,127.28,'2017-04-02 02:35:06.513767');
INSERT INTO "stocks_stock" VALUES(11,'Activision Blizzard, Inc','ATVI','/images/default',49.86,-0.33,49.86,'2017-04-02 02:35:06.355753');
INSERT INTO "stocks_stock" VALUES(13,'Communications Sales & Leasing,','CSAL','/images/default',28.94,0,28.94,'2017-04-15 01:17:59.401640');
INSERT INTO "stocks_stock" VALUES(14,'Altisource Portfolio Solutions ','ASPS','/images/default',69.77,-0.05,69.77,'2017-04-02 02:35:05.993294');
INSERT INTO "stocks_stock" VALUES(15,'Fifth Street Asset Management I','FSAM','/images/default',5,-0.3,5,'2017-04-02 02:35:05.831739');
INSERT INTO "stocks_stock" VALUES(16,'F5 Networks, Inc.','FFIV','/images/default',142.99,0.09,142.99,'2017-04-02 02:35:05.665730');
INSERT INTO "stocks_stock" VALUES(17,'1-800 FLOWERS.COM, Inc.','FLWS','/images/default',10,0,10.25,'2017-04-15 01:17:59.407516');
INSERT INTO "stocks_stock" VALUES(18,'AAON, Inc.','AAON','/images/default',40,0.1,40,'2017-04-02 02:35:05.350746');
INSERT INTO "stocks_stock" VALUES(19,'Embraer S.A. Common Stock','ERJ','/images/default',23.17,-0.22,23.17,'2017-04-02 02:35:05.174265');
INSERT INTO "stocks_stock" VALUES(20,'CLEAN ENVIRO TECH','CETC','/images/default',7,-0.15,7,'2017-04-02 02:35:05.017762');
INSERT INTO "stocks_stock" VALUES(21,'ADDvantage Technologies Group, ','AEY','/images/default',2.24,0,2.24,'2017-04-02 02:35:04.852951');
INSERT INTO "stocks_stock" VALUES(22,'Active Power, Inc.','ACPW','/images/default',0.21,0,0.21,'2017-04-02 02:35:04.696227');
INSERT INTO "stocks_stock" VALUES(23,'Microsoft Corporation','MSFT','/images/default',64.95,-0.28,65.95,'2017-04-15 01:21:19.070074');
INSERT INTO "stocks_stock" VALUES(24,'A V Homes, Inc.','AVHI','/images/default',48,-0.1,48,'2017-04-02 02:35:04.367714');
INSERT INTO "stocks_stock" VALUES(25,'21Vianet Group, Inc.','VNET','/images/default',5.68,-0.12,5.68,'2017-04-02 02:35:04.211195');
INSERT INTO "stocks_stock" VALUES(28,'Accelerate Diagnostics, Inc.','AXDX','/images/default',25.6,0.1,25.6,'2017-04-02 02:35:04.051075');
INSERT INTO "stocks_stock" VALUES(29,'American Electric Technologies,','AETI','/images/default',5.05,0,5.05,'2017-04-02 02:35:03.893434');
INSERT INTO "stocks_stock" VALUES(30,'AmeriServ Financial Inc.','ASRVP','/images/default',26.95,0.12,26.95,'2017-04-02 02:35:03.729614');
INSERT INTO "stocks_stock" VALUES(32,'Abengoa Yield plc','ABY','/images/default',21.08,0.02,21.08,'2017-04-02 02:35:03.579702');
INSERT INTO "stocks_stock" VALUES(34,'Applied Genetic Technologies Co','AGTC','/images/default',6.85,0.05,6.85,'2017-04-02 02:35:03.418620');
INSERT INTO "stocks_stock" VALUES(38,'American Airlines Group, Inc.','AAL','/images/default',43.35,-0.61,43.15,'2017-04-15 01:17:59.420464');
INSERT INTO "stocks_stock" VALUES(39,'POSCO Common Stock','PKX','/images/default',65.5,0.32,65.5,'2017-04-02 02:35:03.100372');
INSERT INTO "stocks_stock" VALUES(40,'Credit Suisse AG','DGLD','/images/default',52.9,-0.3,52.9,'2017-04-02 02:35:02.911497');
INSERT INTO "stocks_stock" VALUES(41,'Advanced Energy Industries, Inc','AEIS','/images/default',68.34,0.22,68.34,'2017-04-02 02:35:02.748781');
INSERT INTO "stocks_stock" VALUES(42,'1st Constitution Bancorp (NJ)','FCCY','/images/default',19.95,0.4,19.95,'2017-04-02 02:35:02.596698');
INSERT INTO "stocks_stock" VALUES(43,'Credit Suisse AG','UGLD','/images/default',11,0.05,11,'2017-04-02 02:35:02.429518');
INSERT INTO "stocks_stock" VALUES(44,'El Pollo Loco Holdings, Inc.','LOCO','/images/default',12.35,-0.15,12.35,'2017-04-02 02:35:02.273775');
INSERT INTO "stocks_stock" VALUES(45,'Abraxas Petroleum Corporation','AXAS','/images/default',2.05,0.08,2.05,'2017-04-02 02:35:02.099170');
INSERT INTO "stocks_stock" VALUES(47,'Las Vegas Sands Corp. Common St','LVS','/images/default',56.51,-0.61,55.56,'2017-04-15 01:17:59.402916');
INSERT INTO "stocks_stock" VALUES(48,'Shell Midstream Partners, L.P. ','SHLX','/images/default',32.37,-0.07,32.77,'2017-04-15 01:17:59.512465');
INSERT INTO "stocks_stock" VALUES(49,'Atlas Air Worldwide Holdings','AAWW','/images/default',65.95,-0.2,65.95,'2017-04-02 02:35:01.571514');
INSERT INTO "stocks_stock" VALUES(50,'8point3 Energy Partners LP','CAFD','/images/default',15.5,0.06,15.5,'2017-04-02 02:35:01.405128');
INSERT INTO "stocks_stock" VALUES(53,'First Trust Emerging Markets Lo','FEMB','/images/default',42.51,-0.24,42.51,'2017-04-02 02:35:01.224969');
INSERT INTO "stocks_stock" VALUES(59,'Gold Fields Limited American De','GFI','/images/default',3.58,0.05,3.58,'2017-04-02 02:35:01.015487');
INSERT INTO "stocks_stock" VALUES(61,'St. Joe Company (The) Common St','JOE','/images/default',17.15,0,17.15,'2017-04-02 02:35:00.858044');
INSERT INTO "stocks_stock" VALUES(62,'Boston Private Financial Holdin','BPFH','/images/default',17.4,-0.2,17.4,'2017-04-02 02:35:00.692818');
INSERT INTO "stocks_stock" VALUES(63,'G. Willi-Food International,  L','WILC','/images/default',6.44,0.07,6.44,'2017-04-02 02:35:00.536823');
INSERT INTO "stocks_stock" VALUES(64,'Georgetown Bancorp, Inc.','GTWN','/images/default',25.95,0,25.95,'2017-04-02 02:35:00.377546');
INSERT INTO "stocks_stock" VALUES(65,'Bruker Corporation','BRKR','/images/default',23.82,0.38,23.82,'2017-04-02 02:35:00.212606');
INSERT INTO "stocks_stock" VALUES(67,'Bank of America Corporation Com','BAC','/images/default',22.65,-0.31,23.02,'2017-04-15 01:17:59.691096');
INSERT INTO "stocks_stock" VALUES(68,'AAR Corp. Common Stock','AIR','/images/default',33.78,-0.15,33.78,'2017-04-02 02:34:59.545488');
INSERT INTO "stocks_stock" VALUES(69,'Bob Evans Farms, Inc.','BOBE','/images/default',64.63,0.24,64.63,'2017-04-02 02:34:59.388964');
INSERT INTO "stocks_stock" VALUES(70,'Golar LNG Limited','GLNG','/images/default',32.49,-0.33,32.49,'2017-04-02 02:34:59.205698');
INSERT INTO "stocks_stock" VALUES(71,'Almost Family Inc','AFAM','/images/default',48.9,-0.3,48.9,'2017-04-02 02:34:59.054514');
INSERT INTO "stocks_stock" VALUES(73,'Alphabet Inc.','GOOGL','/images/default',848.99,-1.68,848.99,'2017-04-02 02:34:58.890040');
INSERT INTO "stocks_stock" VALUES(74,'AlphaMark Actively Managed Smal','SMCP','/images/default',24.45,-0.1,24.45,'2017-04-02 02:34:58.726252');
INSERT INTO "stocks_stock" VALUES(75,'Intel Corporation','INTC','/images/default',36.1,0.32,36.1,'2017-04-02 02:34:58.546736');
INSERT INTO "stocks_stock" VALUES(76,'QUALCOMM Incorporated','QCOM','/images/default',57.59,0.14,57.59,'2017-04-02 02:34:58.378239');
INSERT INTO "stocks_stock" VALUES(83,'Viacom Inc.','VIA','/images/default',48.9,0.65,48.9,'2017-04-02 02:34:58.227280');
INSERT INTO "stocks_stock" VALUES(86,'Exxon Mobil Corporation Common ','XOM','/images/default',82.05,-1.69,82.05,'2017-04-02 02:34:58.066819');
INSERT INTO "stocks_stock" VALUES(87,'A. Schulman, Inc.','SHLM','/images/default',31.55,0.4,31.55,'2017-04-02 02:34:57.902271');
INSERT INTO "stocks_stock" VALUES(88,'Wintrust Financial Corporation','WTFC','/images/default',76.4,-1.54,76.4,'2017-04-15 01:21:19.108824');
INSERT INTO "stocks_stock" VALUES(89,'SunTrust Banks, Inc. Common Sto','STI','/images/default',56.77,-0.78,56.77,'2017-04-02 02:34:57.546136');
INSERT INTO "stocks_stock" VALUES(90,'Fifth Third Bancorp','FITB','/images/default',27,-0.33,27,'2017-04-02 02:34:57.365482');
INSERT INTO "stocks_stock" VALUES(91,'Energy XXI Ltd.','EXXI','/images/default',29.96,0.01,29.96,'2017-04-02 02:34:57.203218');
INSERT INTO "stocks_stock" VALUES(92,'Vera Bradley, Inc.','VRA','/images/default',12.03,0.11,12.03,'2017-04-02 02:34:57.049822');
INSERT INTO "stocks_stock" VALUES(93,'ServisFirst Bancshares, Inc.','SFBS','/images/default',36.44,-0.06,36.44,'2017-04-02 02:34:56.833887');
INSERT INTO "stocks_stock" VALUES(94,'Starbucks Corporation','SBUX','/images/default',58.59,0.23,58.59,'2017-04-02 02:34:56.688897');
INSERT INTO "stocks_stock" VALUES(95,'Apple Hospitality REIT, Inc. Co','APLE','/images/default',19.5,0.12,19.5,'2017-04-02 02:34:56.532397');
INSERT INTO "stocks_stock" VALUES(96,'General Employment Enterprises,','JOB','/images/default',8.1,-0.02,8.1,'2017-04-02 02:34:56.365790');
INSERT INTO "stocks_stock" VALUES(97,'Grand Canyon Education, Inc.','LOPE','/images/default',71.74,-0.13,71.74,'2017-04-02 02:34:56.218222');
INSERT INTO "stocks_stock" VALUES(98,'American Public Education, Inc.','APEI','/images/default',29,0.1,29,'2017-04-02 02:34:56.068787');
INSERT INTO "stocks_stock" VALUES(99,'Amerco','UHAL','/images/default',380.23,0.96,380.23,'2017-04-02 02:34:55.920112');
INSERT INTO "stocks_stock" VALUES(100,'Intrexon Corporation Common Sto','XON','/images/default',19.95,0.1,19.95,'2017-04-02 02:34:55.760724');
INSERT INTO "stocks_stock" VALUES(101,'Sprint Corporation','S','/images/default',8.34,-0.06,0,'2017-04-15 01:20:10.981898');
INSERT INTO "stocks_stock" VALUES(102,'Verizon Communications Inc.','VZ','/images/default',48.92,-0.3,0,'2017-04-15 01:20:11.137689');
CREATE TABLE "stocksApi_androidtoken" ("id" integer NOT NULL PRIMARY KEY AUTOINCREMENT, "token" varchar(200) NOT NULL, "user_id" integer NOT NULL REFERENCES "auth_user" ("id"));
DELETE FROM sqlite_sequence;
INSERT INTO "sqlite_sequence" VALUES('django_migrations',34);
INSERT INTO "sqlite_sequence" VALUES('django_content_type',13);
INSERT INTO "sqlite_sequence" VALUES('auth_permission',40);
INSERT INTO "sqlite_sequence" VALUES('stocks_player',57);
INSERT INTO "sqlite_sequence" VALUES('stocks_floor_stocks',316);
INSERT INTO "sqlite_sequence" VALUES('auth_group',2);
INSERT INTO "sqlite_sequence" VALUES('auth_user_groups',1);
INSERT INTO "sqlite_sequence" VALUES('stocks_player_stocks',324);
INSERT INTO "sqlite_sequence" VALUES('stocks_trade_recipientStocks',118);
INSERT INTO "sqlite_sequence" VALUES('stocks_trade_senderStocks',50);
INSERT INTO "sqlite_sequence" VALUES('stocks_stocksuggestion',31);
INSERT INTO "sqlite_sequence" VALUES('stocks_trade',108);
INSERT INTO "sqlite_sequence" VALUES('django_admin_log',108);
INSERT INTO "sqlite_sequence" VALUES('auth_user',4);
INSERT INTO "sqlite_sequence" VALUES('stocks_floor',18);
INSERT INTO "sqlite_sequence" VALUES('stocks_stock',102);
INSERT INTO "sqlite_sequence" VALUES('stocksApi_sessionid',67);
CREATE INDEX "auth_group_permissions_0e939a4f" ON "auth_group_permissions" ("group_id");
CREATE INDEX "auth_group_permissions_8373b171" ON "auth_group_permissions" ("permission_id");
CREATE INDEX "auth_user_groups_e8701ad4" ON "auth_user_groups" ("user_id");
CREATE INDEX "auth_user_groups_0e939a4f" ON "auth_user_groups" ("group_id");
CREATE INDEX "auth_user_user_permissions_e8701ad4" ON "auth_user_user_permissions" ("user_id");
CREATE INDEX "auth_user_user_permissions_8373b171" ON "auth_user_user_permissions" ("permission_id");
CREATE INDEX "auth_permission_417f1b1c" ON "auth_permission" ("content_type_id");
CREATE INDEX "django_session_de54fa62" ON "django_session" ("expire_date");
CREATE INDEX "stocks_player_9643d2e5" ON "stocks_player" ("floor_id");
CREATE INDEX "stocks_player_e8701ad4" ON "stocks_player" ("user_id");
CREATE INDEX "stocks_floor_stocks_9643d2e5" ON "stocks_floor_stocks" ("floor_id");
CREATE INDEX "stocks_floor_stocks_aff86b81" ON "stocks_floor_stocks" ("stock_id");
CREATE INDEX "stocks_player_stocks_afe72417" ON "stocks_player_stocks" ("player_id");
CREATE INDEX "stocks_player_stocks_aff86b81" ON "stocks_player_stocks" ("stock_id");
CREATE INDEX "stocks_trade_senderStocks_09249466" ON "stocks_trade_senderStocks" ("trade_id");
CREATE INDEX "stocks_trade_senderStocks_aff86b81" ON "stocks_trade_senderStocks" ("stock_id");
CREATE INDEX "stocks_stocksuggestion_9643d2e5" ON "stocks_stocksuggestion" ("floor_id");
CREATE INDEX "stocks_stocksuggestion_fda24464" ON "stocks_stocksuggestion" ("requesting_player_id");
CREATE INDEX "stocks_stocksuggestion_aff86b81" ON "stocks_stocksuggestion" ("stock_id");
CREATE INDEX "stocks_trade_9643d2e5" ON "stocks_trade" ("floor_id");
CREATE INDEX "stocks_trade_8b938c66" ON "stocks_trade" ("recipient_id");
CREATE INDEX "stocks_trade_924b1846" ON "stocks_trade" ("sender_id");
CREATE INDEX "django_admin_log_417f1b1c" ON "django_admin_log" ("content_type_id");
CREATE INDEX "django_admin_log_e8701ad4" ON "django_admin_log" ("user_id");
CREATE INDEX "stocks_floor_5e7b1936" ON "stocks_floor" ("owner_id");
CREATE INDEX "stocks_floor_5eece6d0" ON "stocks_floor" ("floorPlayer_id");
CREATE INDEX "stocksApi_sessionid_d3b4a5ef" ON "stocksApi_sessionid" ("associated_user_id");
CREATE INDEX "stocksApi_androidtoken_e8701ad4" ON "stocksApi_androidtoken" ("user_id");
COMMIT;
