[
{
    "model": "auth.group",
    "fields": {
        "name": "Floor",
        "permissions": []
    }
},
{
    "model": "auth.user",
    "fields": {
        "password": "pbkdf2_sha256$24000$fhB3Hfg3ikUf$oI/kdhdrQt+8fhon2wjXbrzbcPSs1L0xZtYxWcfdnO0=",
        "last_login": "2017-03-30T05:02:12.384Z",
        "is_superuser": true,
        "username": "ddsnowboard",
        "first_name": "",
        "last_name": "Koster",
        "email": "ddsnowboard@gmail.com",
        "is_staff": true,
        "is_active": true,
        "date_joined": "2015-11-12T22:53:14.494Z",
        "groups": [],
        "user_permissions": []
    }
},
{
    "model": "auth.user",
    "fields": {
        "password": "pbkdf2_sha256$24000$kFG33oXBLyZD$/qjAZNSEwcX1RJw4xDpyLa+yYxmkhsvyShYYzI5J3kQ=",
        "last_login": "2017-04-02T02:49:01.736Z",
        "is_superuser": false,
        "username": "JoeSchmo",
        "first_name": "",
        "last_name": "",
        "email": "joe@test.net",
        "is_staff": false,
        "is_active": true,
        "date_joined": "2015-11-13T17:12:47Z",
        "groups": [],
        "user_permissions": []
    }
},
{
    "model": "auth.user",
    "fields": {
        "password": "pbkdf2_sha256$20000$wc2Vw3E1yVG6$rDvyeJKSi7WuxIloG2I9eGXeV9JkKqheP3/Xtj2eNPE=",
        "last_login": null,
        "is_superuser": false,
        "username": "Floor",
        "first_name": "",
        "last_name": "",
        "email": "",
        "is_staff": false,
        "is_active": true,
        "date_joined": "2015-11-28T23:36:04Z",
        "groups": [
            [
                "Floor"
            ]
        ],
        "user_permissions": []
    }
},
{
    "model": "sessions.session",
    "pk": "06pj8n3qqz6spbnya5m96h4u214rkezo",
    "fields": {
        "session_data": "YTJiYjkzMDM0NmM4YTE5YjE5ZWVkM2M5ZDg4NDRlZDM4NjdlZDNmMjp7Il9hdXRoX3VzZXJfaGFzaCI6ImU5NTUxMGMyMzdjYjI0NjU2M2EwYTllODliZDE5YmQ3YWQ5NGNhYjQiLCJfYXV0aF91c2VyX2lkIjoiMSIsIl9hdXRoX3VzZXJfYmFja2VuZCI6ImRqYW5nby5jb250cmliLmF1dGguYmFja2VuZHMuTW9kZWxCYWNrZW5kIn0=",
        "expire_date": "2016-01-13T03:54:32.489Z"
    }
},
{
    "model": "sessions.session",
    "pk": "18mftw25c0y4ndk221ki4z0rkqf13g1z",
    "fields": {
        "session_data": "YTJiYjkzMDM0NmM4YTE5YjE5ZWVkM2M5ZDg4NDRlZDM4NjdlZDNmMjp7Il9hdXRoX3VzZXJfaGFzaCI6ImU5NTUxMGMyMzdjYjI0NjU2M2EwYTllODliZDE5YmQ3YWQ5NGNhYjQiLCJfYXV0aF91c2VyX2lkIjoiMSIsIl9hdXRoX3VzZXJfYmFja2VuZCI6ImRqYW5nby5jb250cmliLmF1dGguYmFja2VuZHMuTW9kZWxCYWNrZW5kIn0=",
        "expire_date": "2016-10-20T01:59:53.995Z"
    }
},
{
    "model": "sessions.session",
    "pk": "1tb5and4suefl9l8gdlzkgc4v5iu8re3",
    "fields": {
        "session_data": "YTJiYjkzMDM0NmM4YTE5YjE5ZWVkM2M5ZDg4NDRlZDM4NjdlZDNmMjp7Il9hdXRoX3VzZXJfaGFzaCI6ImU5NTUxMGMyMzdjYjI0NjU2M2EwYTllODliZDE5YmQ3YWQ5NGNhYjQiLCJfYXV0aF91c2VyX2lkIjoiMSIsIl9hdXRoX3VzZXJfYmFja2VuZCI6ImRqYW5nby5jb250cmliLmF1dGguYmFja2VuZHMuTW9kZWxCYWNrZW5kIn0=",
        "expire_date": "2016-10-19T20:13:52.404Z"
    }
},
{
    "model": "sessions.session",
    "pk": "23qjmeo96l6m2ov766h5zp9uxwzy6sk8",
    "fields": {
        "session_data": "OGI0ZjYwMjg2YzA1NTI4ZDcwNzAxMDJmMjY1OTY2ODdiZWJkYTBjZTp7Il9hdXRoX3VzZXJfaWQiOiIyIiwiX2F1dGhfdXNlcl9iYWNrZW5kIjoiZGphbmdvLmNvbnRyaWIuYXV0aC5iYWNrZW5kcy5Nb2RlbEJhY2tlbmQiLCJfYXV0aF91c2VyX2hhc2giOiIzODc1M2IzMmZmNTYzNmI1YzM5NWU3MDI4OTcyYjllM2JmYmI3MTIyIn0=",
        "expire_date": "2017-04-16T02:49:01.742Z"
    }
},
{
    "model": "sessions.session",
    "pk": "486g9x1vdhpszfgb1yguzku4j42og66u",
    "fields": {
        "session_data": "NThiN2NjNDEyYzYwYjQzNWI1YjVkYmFkZjg2OGM4NDI5M2NjNGUxMjp7Il9hdXRoX3VzZXJfYmFja2VuZCI6ImRqYW5nby5jb250cmliLmF1dGguYmFja2VuZHMuTW9kZWxCYWNrZW5kIiwiX2F1dGhfdXNlcl9oYXNoIjoiMzg3NTNiMzJmZjU2MzZiNWMzOTVlNzAyODk3MmI5ZTNiZmJiNzEyMiIsIl9hdXRoX3VzZXJfaWQiOiIyIn0=",
        "expire_date": "2016-10-28T02:27:19.812Z"
    }
},
{
    "model": "sessions.session",
    "pk": "4v03i38m0d2te4k9b8gkt2198unhtqw9",
    "fields": {
        "session_data": "YzlhNDRiOGVmNjk5ZGRmZjAyZjE2Y2I3NzA4Y2Y1NjI2NDQ4ZjQ1YTp7Il9hdXRoX3VzZXJfaWQiOiIxIiwiX2F1dGhfdXNlcl9oYXNoIjoiMTE4MDA2N2EzOTU1N2Y3ODdiMWVlNThkYjMyZTg2ZDg1ZTdmNWU5NSIsIl9hdXRoX3VzZXJfYmFja2VuZCI6ImRqYW5nby5jb250cmliLmF1dGguYmFja2VuZHMuTW9kZWxCYWNrZW5kIn0=",
        "expire_date": "2015-12-02T21:35:40.093Z"
    }
},
{
    "model": "sessions.session",
    "pk": "51rzi9rjf1zn44xq3plw96osiz40fip5",
    "fields": {
        "session_data": "YzlhNDRiOGVmNjk5ZGRmZjAyZjE2Y2I3NzA4Y2Y1NjI2NDQ4ZjQ1YTp7Il9hdXRoX3VzZXJfaWQiOiIxIiwiX2F1dGhfdXNlcl9oYXNoIjoiMTE4MDA2N2EzOTU1N2Y3ODdiMWVlNThkYjMyZTg2ZDg1ZTdmNWU5NSIsIl9hdXRoX3VzZXJfYmFja2VuZCI6ImRqYW5nby5jb250cmliLmF1dGguYmFja2VuZHMuTW9kZWxCYWNrZW5kIn0=",
        "expire_date": "2015-12-26T17:32:57.981Z"
    }
},
{
    "model": "sessions.session",
    "pk": "5c9icaemr7yfgxjkm8wleod714ppa4r2",
    "fields": {
        "session_data": "ZTJlODE1MzAyMjk4YzE0ODNhYzNkYmE2MGRmNGYzOTJlMjUyNGVlNzp7Il9hdXRoX3VzZXJfaGFzaCI6ImU5NTUxMGMyMzdjYjI0NjU2M2EwYTllODliZDE5YmQ3YWQ5NGNhYjQiLCJfYXV0aF91c2VyX2JhY2tlbmQiOiJkamFuZ28uY29udHJpYi5hdXRoLmJhY2tlbmRzLk1vZGVsQmFja2VuZCIsIl9hdXRoX3VzZXJfaWQiOiIxIn0=",
        "expire_date": "2016-01-17T22:33:29.180Z"
    }
},
{
    "model": "sessions.session",
    "pk": "6vvsxt0b69pzat7xgpvimn08lvtilbzi",
    "fields": {
        "session_data": "YTJiYjkzMDM0NmM4YTE5YjE5ZWVkM2M5ZDg4NDRlZDM4NjdlZDNmMjp7Il9hdXRoX3VzZXJfaGFzaCI6ImU5NTUxMGMyMzdjYjI0NjU2M2EwYTllODliZDE5YmQ3YWQ5NGNhYjQiLCJfYXV0aF91c2VyX2lkIjoiMSIsIl9hdXRoX3VzZXJfYmFja2VuZCI6ImRqYW5nby5jb250cmliLmF1dGguYmFja2VuZHMuTW9kZWxCYWNrZW5kIn0=",
        "expire_date": "2016-02-05T03:24:43.617Z"
    }
},
{
    "model": "sessions.session",
    "pk": "8uwch0ymn3sz8gkzgwk1fl7evb6hhe6e",
    "fields": {
        "session_data": "YTJiYjkzMDM0NmM4YTE5YjE5ZWVkM2M5ZDg4NDRlZDM4NjdlZDNmMjp7Il9hdXRoX3VzZXJfaGFzaCI6ImU5NTUxMGMyMzdjYjI0NjU2M2EwYTllODliZDE5YmQ3YWQ5NGNhYjQiLCJfYXV0aF91c2VyX2lkIjoiMSIsIl9hdXRoX3VzZXJfYmFja2VuZCI6ImRqYW5nby5jb250cmliLmF1dGguYmFja2VuZHMuTW9kZWxCYWNrZW5kIn0=",
        "expire_date": "2016-01-18T15:12:17.843Z"
    }
},
{
    "model": "sessions.session",
    "pk": "adfgjrfb7x7gqjz7h8xhm6eb08jjtoiq",
    "fields": {
        "session_data": "NjY4Y2M0MWJkZDZmYjg0YzY1ZjQzOWExZDY1ZTUxMzlhODBjNjcyODp7Il9hdXRoX3VzZXJfYmFja2VuZCI6ImRqYW5nby5jb250cmliLmF1dGguYmFja2VuZHMuTW9kZWxCYWNrZW5kIiwiX2F1dGhfdXNlcl9oYXNoIjoiMTE4MDA2N2EzOTU1N2Y3ODdiMWVlNThkYjMyZTg2ZDg1ZTdmNWU5NSIsIl9hdXRoX3VzZXJfaWQiOiIxIn0=",
        "expire_date": "2015-12-03T00:39:09.117Z"
    }
},
{
    "model": "sessions.session",
    "pk": "cj1i8evj89htnboyftieg22wvzqqskhq",
    "fields": {
        "session_data": "ZTFlNWY5ZTIwYzc3NzI0NmE1YjEwNjEyMTJmMmNjYjdiMDI2ZWVmNDp7Il9hdXRoX3VzZXJfaGFzaCI6IjExODAwNjdhMzk1NTdmNzg3YjFlZTU4ZGIzMmU4NmQ4NWU3ZjVlOTUiLCJfYXV0aF91c2VyX2JhY2tlbmQiOiJkamFuZ28uY29udHJpYi5hdXRoLmJhY2tlbmRzLk1vZGVsQmFja2VuZCIsIl9hdXRoX3VzZXJfaWQiOiIxIn0=",
        "expire_date": "2015-11-26T22:53:21.507Z"
    }
},
{
    "model": "sessions.session",
    "pk": "er80og9g95g6x8qilzgt6doy992v2xdz",
    "fields": {
        "session_data": "YTJiYjkzMDM0NmM4YTE5YjE5ZWVkM2M5ZDg4NDRlZDM4NjdlZDNmMjp7Il9hdXRoX3VzZXJfaGFzaCI6ImU5NTUxMGMyMzdjYjI0NjU2M2EwYTllODliZDE5YmQ3YWQ5NGNhYjQiLCJfYXV0aF91c2VyX2lkIjoiMSIsIl9hdXRoX3VzZXJfYmFja2VuZCI6ImRqYW5nby5jb250cmliLmF1dGguYmFja2VuZHMuTW9kZWxCYWNrZW5kIn0=",
        "expire_date": "2016-02-05T03:23:53.616Z"
    }
},
{
    "model": "sessions.session",
    "pk": "f9dmxs8x99v1prxrriuufgqw1q5rkcfg",
    "fields": {
        "session_data": "MTk5M2Y1NTk1MGEyOGEwY2ZhZWFjZWM5MDczYTg5NmUzYmRlN2YyODp7Il9hdXRoX3VzZXJfYmFja2VuZCI6ImRqYW5nby5jb250cmliLmF1dGguYmFja2VuZHMuTW9kZWxCYWNrZW5kIiwiX2F1dGhfdXNlcl9oYXNoIjoiZTk1NTEwYzIzN2NiMjQ2NTYzYTBhOWU4OWJkMTliZDdhZDk0Y2FiNCIsIl9hdXRoX3VzZXJfaWQiOiIxIn0=",
        "expire_date": "2016-02-05T15:06:25.225Z"
    }
},
{
    "model": "sessions.session",
    "pk": "fthfhnj8d96iefwarfo5rxacfue96uxw",
    "fields": {
        "session_data": "MTk5M2Y1NTk1MGEyOGEwY2ZhZWFjZWM5MDczYTg5NmUzYmRlN2YyODp7Il9hdXRoX3VzZXJfYmFja2VuZCI6ImRqYW5nby5jb250cmliLmF1dGguYmFja2VuZHMuTW9kZWxCYWNrZW5kIiwiX2F1dGhfdXNlcl9oYXNoIjoiZTk1NTEwYzIzN2NiMjQ2NTYzYTBhOWU4OWJkMTliZDdhZDk0Y2FiNCIsIl9hdXRoX3VzZXJfaWQiOiIxIn0=",
        "expire_date": "2016-09-30T17:39:40.038Z"
    }
},
{
    "model": "sessions.session",
    "pk": "h9rgwzhl1e9sd0umncwm2t475yg88n9o",
    "fields": {
        "session_data": "YjQzNjMyYjM2NTY0YzA2Mjc1MGI1ZTQyYTMwMzczMmExZjk4OTgyNjp7Il9hdXRoX3VzZXJfaWQiOiIyIiwiX2F1dGhfdXNlcl9iYWNrZW5kIjoiZGphbmdvLmNvbnRyaWIuYXV0aC5iYWNrZW5kcy5Nb2RlbEJhY2tlbmQiLCJfYXV0aF91c2VyX2hhc2giOiJkNGM3NzgzYWVmMmM4OWI2NWJiOTcwMWE4MzQ5OTU1YjhiN2YyM2JjIn0=",
        "expire_date": "2016-01-03T23:41:04.357Z"
    }
},
{
    "model": "sessions.session",
    "pk": "hafhgar5dkresyr8eg0np3ss55w93l8r",
    "fields": {
        "session_data": "MmViN2Y2NzI5OTUwMDNiOGYxNmNjYjY0MmU5ZTQ0YjA2MDYyNGM0Njp7Il9hdXRoX3VzZXJfaGFzaCI6IjExODAwNjdhMzk1NTdmNzg3YjFlZTU4ZGIzMmU4NmQ4NWU3ZjVlOTUiLCJfYXV0aF91c2VyX2lkIjoiMSIsIl9hdXRoX3VzZXJfYmFja2VuZCI6ImRqYW5nby5jb250cmliLmF1dGguYmFja2VuZHMuTW9kZWxCYWNrZW5kIn0=",
        "expire_date": "2015-12-24T16:10:25.318Z"
    }
},
{
    "model": "sessions.session",
    "pk": "hcv9tie5pwspufe1yh3znbrjl1puo497",
    "fields": {
        "session_data": "ZTJlODE1MzAyMjk4YzE0ODNhYzNkYmE2MGRmNGYzOTJlMjUyNGVlNzp7Il9hdXRoX3VzZXJfaGFzaCI6ImU5NTUxMGMyMzdjYjI0NjU2M2EwYTllODliZDE5YmQ3YWQ5NGNhYjQiLCJfYXV0aF91c2VyX2JhY2tlbmQiOiJkamFuZ28uY29udHJpYi5hdXRoLmJhY2tlbmRzLk1vZGVsQmFja2VuZCIsIl9hdXRoX3VzZXJfaWQiOiIxIn0=",
        "expire_date": "2016-01-29T01:17:43.485Z"
    }
},
{
    "model": "sessions.session",
    "pk": "iih378q161xab6olwpp28x5ahdfhgska",
    "fields": {
        "session_data": "OWI4ZDFlZTdlN2VlNzM1NDNjMDliZGQwYWQwYWY0MzdkY2VhMTBjZjp7Il9hdXRoX3VzZXJfaWQiOiIxIiwiX2F1dGhfdXNlcl9iYWNrZW5kIjoiZGphbmdvLmNvbnRyaWIuYXV0aC5iYWNrZW5kcy5Nb2RlbEJhY2tlbmQiLCJfYXV0aF91c2VyX2hhc2giOiIyZDE0MDY2OTNmNDNjYzY4MjA1YTE4MjczMzU5YWFlMjFkNmY2ZjhhIn0=",
        "expire_date": "2016-01-04T01:58:04.922Z"
    }
},
{
    "model": "sessions.session",
    "pk": "irtkgsxg2vyevcx5922imqa5tij7a2ll",
    "fields": {
        "session_data": "YTMxMjVkNGZlMmM2MzZiZDdmYTE2ZDNmNDA4NjM2NmM1ZmVlZWI3NDp7Il9hdXRoX3VzZXJfYmFja2VuZCI6ImRqYW5nby5jb250cmliLmF1dGguYmFja2VuZHMuTW9kZWxCYWNrZW5kIiwiX2F1dGhfdXNlcl9pZCI6IjEiLCJfYXV0aF91c2VyX2hhc2giOiIxMTgwMDY3YTM5NTU3Zjc4N2IxZWU1OGRiMzJlODZkODVlN2Y1ZTk1In0=",
        "expire_date": "2015-12-26T16:45:16.270Z"
    }
},
{
    "model": "sessions.session",
    "pk": "o1bzuj2w8nvjhxxrkzag4k6s08n033zz",
    "fields": {
        "session_data": "MGQyMmQ2NGRjM2Y1NTVjOTZmNjczNWYwYzFmMTgyZTUwODU2Y2RlYjp7Il9hdXRoX3VzZXJfaWQiOiIxIiwiX2F1dGhfdXNlcl9oYXNoIjoiZTk1NTEwYzIzN2NiMjQ2NTYzYTBhOWU4OWJkMTliZDdhZDk0Y2FiNCIsIl9hdXRoX3VzZXJfYmFja2VuZCI6ImRqYW5nby5jb250cmliLmF1dGguYmFja2VuZHMuTW9kZWxCYWNrZW5kIn0=",
        "expire_date": "2016-02-05T03:57:17.486Z"
    }
},
{
    "model": "sessions.session",
    "pk": "o6v2xzsp37djy08gvl3hcsy48006ycce",
    "fields": {
        "session_data": "ZTJlODE1MzAyMjk4YzE0ODNhYzNkYmE2MGRmNGYzOTJlMjUyNGVlNzp7Il9hdXRoX3VzZXJfaGFzaCI6ImU5NTUxMGMyMzdjYjI0NjU2M2EwYTllODliZDE5YmQ3YWQ5NGNhYjQiLCJfYXV0aF91c2VyX2JhY2tlbmQiOiJkamFuZ28uY29udHJpYi5hdXRoLmJhY2tlbmRzLk1vZGVsQmFja2VuZCIsIl9hdXRoX3VzZXJfaWQiOiIxIn0=",
        "expire_date": "2016-01-14T20:14:04.585Z"
    }
},
{
    "model": "sessions.session",
    "pk": "p2dzcy3foh5cloinalk5p4lj0oqqro1a",
    "fields": {
        "session_data": "ZGFhODdiMzY3YjBkZDVlNmRhOWVkYTQyN2EzZmI5MGUyNjk3ZWEyNDp7Il9hdXRoX3VzZXJfYmFja2VuZCI6ImRqYW5nby5jb250cmliLmF1dGguYmFja2VuZHMuTW9kZWxCYWNrZW5kIiwiX2F1dGhfdXNlcl9pZCI6IjIiLCJfYXV0aF91c2VyX2hhc2giOiIzODc1M2IzMmZmNTYzNmI1YzM5NWU3MDI4OTcyYjllM2JmYmI3MTIyIn0=",
        "expire_date": "2017-04-13T05:03:30.233Z"
    }
},
{
    "model": "sessions.session",
    "pk": "pspms2lgyd6sw91euk09ttaxwz2gcnt0",
    "fields": {
        "session_data": "ZTJlODE1MzAyMjk4YzE0ODNhYzNkYmE2MGRmNGYzOTJlMjUyNGVlNzp7Il9hdXRoX3VzZXJfaGFzaCI6ImU5NTUxMGMyMzdjYjI0NjU2M2EwYTllODliZDE5YmQ3YWQ5NGNhYjQiLCJfYXV0aF91c2VyX2JhY2tlbmQiOiJkamFuZ28uY29udHJpYi5hdXRoLmJhY2tlbmRzLk1vZGVsQmFja2VuZCIsIl9hdXRoX3VzZXJfaWQiOiIxIn0=",
        "expire_date": "2016-01-20T19:13:45.698Z"
    }
},
{
    "model": "sessions.session",
    "pk": "q7infg0isefswp2a6nw9eevbrpbhftas",
    "fields": {
        "session_data": "NjRkZmY2MjA3ZjNkNDc5MTM3YmU4NjNlOGViMDUzNjFhNjQxMDU1MTp7Il9hdXRoX3VzZXJfaWQiOiIxIiwiX2F1dGhfdXNlcl9iYWNrZW5kIjoiZGphbmdvLmNvbnRyaWIuYXV0aC5iYWNrZW5kcy5Nb2RlbEJhY2tlbmQiLCJfYXV0aF91c2VyX2hhc2giOiJlOTU1MTBjMjM3Y2IyNDY1NjNhMGE5ZTg5YmQxOWJkN2FkOTRjYWI0In0=",
        "expire_date": "2016-03-11T02:29:23.003Z"
    }
},
{
    "model": "sessions.session",
    "pk": "qk0ehjihmoyr757x0nic4pgb5elw2zex",
    "fields": {
        "session_data": "MmViN2Y2NzI5OTUwMDNiOGYxNmNjYjY0MmU5ZTQ0YjA2MDYyNGM0Njp7Il9hdXRoX3VzZXJfaGFzaCI6IjExODAwNjdhMzk1NTdmNzg3YjFlZTU4ZGIzMmU4NmQ4NWU3ZjVlOTUiLCJfYXV0aF91c2VyX2lkIjoiMSIsIl9hdXRoX3VzZXJfYmFja2VuZCI6ImRqYW5nby5jb250cmliLmF1dGguYmFja2VuZHMuTW9kZWxCYWNrZW5kIn0=",
        "expire_date": "2015-12-30T00:32:06.036Z"
    }
},
{
    "model": "sessions.session",
    "pk": "trhcdlz0cocgmdp8l0v7lc8c2hcorray",
    "fields": {
        "session_data": "NjRkZmY2MjA3ZjNkNDc5MTM3YmU4NjNlOGViMDUzNjFhNjQxMDU1MTp7Il9hdXRoX3VzZXJfaWQiOiIxIiwiX2F1dGhfdXNlcl9iYWNrZW5kIjoiZGphbmdvLmNvbnRyaWIuYXV0aC5iYWNrZW5kcy5Nb2RlbEJhY2tlbmQiLCJfYXV0aF91c2VyX2hhc2giOiJlOTU1MTBjMjM3Y2IyNDY1NjNhMGE5ZTg5YmQxOWJkN2FkOTRjYWI0In0=",
        "expire_date": "2016-03-11T02:29:14.323Z"
    }
},
{
    "model": "sessions.session",
    "pk": "v55qlyrwpjw5k9gvoxv1tryaqfkpajby",
    "fields": {
        "session_data": "ZmM2ZmI1N2E0ZDUxN2UyYzgzNGRiNDJkYTUxYjNkNzQ0YjI4YzRlZDp7Il9hdXRoX3VzZXJfYmFja2VuZCI6ImRqYW5nby5jb250cmliLmF1dGguYmFja2VuZHMuTW9kZWxCYWNrZW5kIiwiX2F1dGhfdXNlcl9pZCI6IjEiLCJfYXV0aF91c2VyX2hhc2giOiJlOTU1MTBjMjM3Y2IyNDY1NjNhMGE5ZTg5YmQxOWJkN2FkOTRjYWI0In0=",
        "expire_date": "2017-04-13T05:02:12.391Z"
    }
},
{
    "model": "sessions.session",
    "pk": "wnldtkefgzxlh8bozqv4192w8guzmo4j",
    "fields": {
        "session_data": "ZTJlODE1MzAyMjk4YzE0ODNhYzNkYmE2MGRmNGYzOTJlMjUyNGVlNzp7Il9hdXRoX3VzZXJfaGFzaCI6ImU5NTUxMGMyMzdjYjI0NjU2M2EwYTllODliZDE5YmQ3YWQ5NGNhYjQiLCJfYXV0aF91c2VyX2JhY2tlbmQiOiJkamFuZ28uY29udHJpYi5hdXRoLmJhY2tlbmRzLk1vZGVsQmFja2VuZCIsIl9hdXRoX3VzZXJfaWQiOiIxIn0=",
        "expire_date": "2016-02-07T02:44:16.303Z"
    }
},
{
    "model": "sessions.session",
    "pk": "xq3tb26d1l7hbo98tj7o4705dzwea1ma",
    "fields": {
        "session_data": "NzExOTFmMThmMzFlZTg2YmNjYjRiZjhhMjRkODdhZjg0YTk0MDM2Mzp7Il9hdXRoX3VzZXJfaGFzaCI6ImQ0Yzc3ODNhZWYyYzg5YjY1YmI5NzAxYTgzNDk5NTViOGI3ZjIzYmMiLCJfYXV0aF91c2VyX2JhY2tlbmQiOiJkamFuZ28uY29udHJpYi5hdXRoLmJhY2tlbmRzLk1vZGVsQmFja2VuZCIsIl9hdXRoX3VzZXJfaWQiOiIyIn0=",
        "expire_date": "2016-01-03T23:36:09.986Z"
    }
},
{
    "model": "sessions.session",
    "pk": "xurvv3ud24qb5zmhs6ioq4djnt4hwjqv",
    "fields": {
        "session_data": "OTNlNzNlZmQ1NmU5NWExYjA0OTI1ZWZmZWUxMDgwZjZlMTNkYmYxMzp7Il9hdXRoX3VzZXJfaGFzaCI6IjJkMTQwNjY5M2Y0M2NjNjgyMDVhMTgyNzMzNTlhYWUyMWQ2ZjZmOGEiLCJfYXV0aF91c2VyX2lkIjoiMSIsIl9hdXRoX3VzZXJfYmFja2VuZCI6ImRqYW5nby5jb250cmliLmF1dGguYmFja2VuZHMuTW9kZWxCYWNrZW5kIn0=",
        "expire_date": "2016-01-04T16:37:49.856Z"
    }
},
{
    "model": "sessions.session",
    "pk": "y2zghbydssdrd4d0tztri9x21bxpu8as",
    "fields": {
        "session_data": "ZGFhODdiMzY3YjBkZDVlNmRhOWVkYTQyN2EzZmI5MGUyNjk3ZWEyNDp7Il9hdXRoX3VzZXJfYmFja2VuZCI6ImRqYW5nby5jb250cmliLmF1dGguYmFja2VuZHMuTW9kZWxCYWNrZW5kIiwiX2F1dGhfdXNlcl9pZCI6IjIiLCJfYXV0aF91c2VyX2hhc2giOiIzODc1M2IzMmZmNTYzNmI1YzM5NWU3MDI4OTcyYjllM2JmYmI3MTIyIn0=",
        "expire_date": "2016-06-16T22:56:18.319Z"
    }
},
{
    "model": "sessions.session",
    "pk": "yrvib3hd4y0fq0716rfr17vf2vn42ul1",
    "fields": {
        "session_data": "NjY4Y2M0MWJkZDZmYjg0YzY1ZjQzOWExZDY1ZTUxMzlhODBjNjcyODp7Il9hdXRoX3VzZXJfYmFja2VuZCI6ImRqYW5nby5jb250cmliLmF1dGguYmFja2VuZHMuTW9kZWxCYWNrZW5kIiwiX2F1dGhfdXNlcl9oYXNoIjoiMTE4MDA2N2EzOTU1N2Y3ODdiMWVlNThkYjMyZTg2ZDg1ZTdmNWU5NSIsIl9hdXRoX3VzZXJfaWQiOiIxIn0=",
        "expire_date": "2016-01-03T23:38:48.141Z"
    }
},
{
    "model": "sessions.session",
    "pk": "z0cgfjjvlrxrf625aw1pyyz0ogo21k18",
    "fields": {
        "session_data": "YjliZTI4YTlkYTkzMGJiMTAwMTIzNTQwNzRhMjExYTcwMmQxNzA0ODp7Il9hdXRoX3VzZXJfYmFja2VuZCI6ImRqYW5nby5jb250cmliLmF1dGguYmFja2VuZHMuTW9kZWxCYWNrZW5kIiwiX2F1dGhfdXNlcl9pZCI6IjIiLCJfYXV0aF91c2VyX2hhc2giOiJkNGM3NzgzYWVmMmM4OWI2NWJiOTcwMWE4MzQ5OTU1YjhiN2YyM2JjIn0=",
        "expire_date": "2016-01-09T23:23:14.359Z"
    }
},
{
    "model": "stocks.stock",
    "pk": 1,
    "fields": {
        "company_name": "Apple Inc.",
        "symbol": "AAPL",
        "last_updated": "2017-04-02T02:35:08.192Z",
        "image": "/images/default",
        "price": "143.64",
        "change": "-0.27",
        "last_price": "143.64"
    }
},
{
    "model": "stocks.stock",
    "pk": 2,
    "fields": {
        "company_name": "Tesla Motors, Inc.",
        "symbol": "TSLA",
        "last_updated": "2017-04-02T02:35:08.013Z",
        "image": "/images/default",
        "price": "278.50",
        "change": "0.38",
        "last_price": "278.50"
    }
},
{
    "model": "stocks.stock",
    "pk": 3,
    "fields": {
        "company_name": "Tata Motors Ltd Tata Motors Lim",
        "symbol": "TTM",
        "last_updated": "2017-04-02T02:35:07.839Z",
        "image": "/images/default",
        "price": "35.91",
        "change": "-0.15",
        "last_price": "35.91"
    }
},
{
    "model": "stocks.stock",
    "pk": 4,
    "fields": {
        "company_name": "Stifel Financial Corporation Co",
        "symbol": "SF",
        "last_updated": "2017-04-02T02:35:07.659Z",
        "image": "/images/default",
        "price": "49.88",
        "change": "0.31",
        "last_price": "49.88"
    }
},
{
    "model": "stocks.stock",
    "pk": 5,
    "fields": {
        "company_name": "3M Company Common Stock",
        "symbol": "MMM",
        "last_updated": "2017-04-02T02:35:07.457Z",
        "image": "/images/default",
        "price": "191.60",
        "change": "0.05",
        "last_price": "191.60"
    }
},
{
    "model": "stocks.stock",
    "pk": 6,
    "fields": {
        "company_name": "International Business Machines",
        "symbol": "IBM",
        "last_updated": "2017-04-02T02:35:07.198Z",
        "image": "/images/default",
        "price": "174.30",
        "change": "0.28",
        "last_price": "174.30"
    }
},
{
    "model": "stocks.stock",
    "pk": 7,
    "fields": {
        "company_name": "General Electric Company Common",
        "symbol": "GE",
        "last_updated": "2017-04-02T02:35:07.012Z",
        "image": "/images/default",
        "price": "29.79",
        "change": "-0.07",
        "last_price": "29.79"
    }
},
{
    "model": "stocks.stock",
    "pk": 8,
    "fields": {
        "company_name": "Alphabet Inc.",
        "symbol": "GOOG",
        "last_updated": "2017-04-02T02:35:06.837Z",
        "image": "/images/default",
        "price": "830.70",
        "change": "-1.94",
        "last_price": "830.70"
    }
},
{
    "model": "stocks.stock",
    "pk": 9,
    "fields": {
        "company_name": "Aerie Pharmaceuticals, Inc.",
        "symbol": "AERI",
        "last_updated": "2017-04-02T02:35:06.679Z",
        "image": "/images/default",
        "price": "45.45",
        "change": "-0.10",
        "last_price": "45.45"
    }
},
{
    "model": "stocks.stock",
    "pk": 10,
    "fields": {
        "company_name": "ABIOMED, Inc.",
        "symbol": "ABMD",
        "last_updated": "2017-04-02T02:35:06.513Z",
        "image": "/images/default",
        "price": "127.28",
        "change": "0.20",
        "last_price": "127.28"
    }
},
{
    "model": "stocks.stock",
    "pk": 11,
    "fields": {
        "company_name": "Activision Blizzard, Inc",
        "symbol": "ATVI",
        "last_updated": "2017-04-02T02:35:06.355Z",
        "image": "/images/default",
        "price": "49.86",
        "change": "-0.33",
        "last_price": "49.86"
    }
},
{
    "model": "stocks.stock",
    "pk": 13,
    "fields": {
        "company_name": "Communications Sales & Leasing,",
        "symbol": "CSAL",
        "last_updated": "2017-04-02T02:35:06.157Z",
        "image": "/images/default",
        "price": "28.94",
        "change": "0.00",
        "last_price": "28.94"
    }
},
{
    "model": "stocks.stock",
    "pk": 14,
    "fields": {
        "company_name": "Altisource Portfolio Solutions ",
        "symbol": "ASPS",
        "last_updated": "2017-04-02T02:35:05.993Z",
        "image": "/images/default",
        "price": "69.77",
        "change": "-0.05",
        "last_price": "69.77"
    }
},
{
    "model": "stocks.stock",
    "pk": 15,
    "fields": {
        "company_name": "Fifth Street Asset Management I",
        "symbol": "FSAM",
        "last_updated": "2017-04-02T02:35:05.831Z",
        "image": "/images/default",
        "price": "5.00",
        "change": "-0.30",
        "last_price": "5.00"
    }
},
{
    "model": "stocks.stock",
    "pk": 16,
    "fields": {
        "company_name": "F5 Networks, Inc.",
        "symbol": "FFIV",
        "last_updated": "2017-04-02T02:35:05.665Z",
        "image": "/images/default",
        "price": "142.99",
        "change": "0.09",
        "last_price": "142.99"
    }
},
{
    "model": "stocks.stock",
    "pk": 17,
    "fields": {
        "company_name": "1-800 FLOWERS.COM, Inc.",
        "symbol": "FLWS",
        "last_updated": "2017-04-02T02:35:05.509Z",
        "image": "/images/default",
        "price": "11.05",
        "change": "-0.05",
        "last_price": "11.05"
    }
},
{
    "model": "stocks.stock",
    "pk": 18,
    "fields": {
        "company_name": "AAON, Inc.",
        "symbol": "AAON",
        "last_updated": "2017-04-02T02:35:05.350Z",
        "image": "/images/default",
        "price": "40.00",
        "change": "0.10",
        "last_price": "40.00"
    }
},
{
    "model": "stocks.stock",
    "pk": 19,
    "fields": {
        "company_name": "Embraer S.A. Common Stock",
        "symbol": "ERJ",
        "last_updated": "2017-04-02T02:35:05.174Z",
        "image": "/images/default",
        "price": "23.17",
        "change": "-0.22",
        "last_price": "23.17"
    }
},
{
    "model": "stocks.stock",
    "pk": 20,
    "fields": {
        "company_name": "CLEAN ENVIRO TECH",
        "symbol": "CETC",
        "last_updated": "2017-04-02T02:35:05.017Z",
        "image": "/images/default",
        "price": "7.00",
        "change": "-0.15",
        "last_price": "7.00"
    }
},
{
    "model": "stocks.stock",
    "pk": 21,
    "fields": {
        "company_name": "ADDvantage Technologies Group, ",
        "symbol": "AEY",
        "last_updated": "2017-04-02T02:35:04.852Z",
        "image": "/images/default",
        "price": "2.24",
        "change": "0.00",
        "last_price": "2.24"
    }
},
{
    "model": "stocks.stock",
    "pk": 22,
    "fields": {
        "company_name": "Active Power, Inc.",
        "symbol": "ACPW",
        "last_updated": "2017-04-02T02:35:04.696Z",
        "image": "/images/default",
        "price": "0.21",
        "change": "0.00",
        "last_price": "0.21"
    }
},
{
    "model": "stocks.stock",
    "pk": 23,
    "fields": {
        "company_name": "Microsoft Corporation",
        "symbol": "MSFT",
        "last_updated": "2017-04-02T02:35:04.542Z",
        "image": "/images/default",
        "price": "65.95",
        "change": "0.15",
        "last_price": "65.95"
    }
},
{
    "model": "stocks.stock",
    "pk": 24,
    "fields": {
        "company_name": "A V Homes, Inc.",
        "symbol": "AVHI",
        "last_updated": "2017-04-02T02:35:04.367Z",
        "image": "/images/default",
        "price": "48.00",
        "change": "-0.10",
        "last_price": "48.00"
    }
},
{
    "model": "stocks.stock",
    "pk": 25,
    "fields": {
        "company_name": "21Vianet Group, Inc.",
        "symbol": "VNET",
        "last_updated": "2017-04-02T02:35:04.211Z",
        "image": "/images/default",
        "price": "5.68",
        "change": "-0.12",
        "last_price": "5.68"
    }
},
{
    "model": "stocks.stock",
    "pk": 28,
    "fields": {
        "company_name": "Accelerate Diagnostics, Inc.",
        "symbol": "AXDX",
        "last_updated": "2017-04-02T02:35:04.051Z",
        "image": "/images/default",
        "price": "25.60",
        "change": "0.10",
        "last_price": "25.60"
    }
},
{
    "model": "stocks.stock",
    "pk": 29,
    "fields": {
        "company_name": "American Electric Technologies,",
        "symbol": "AETI",
        "last_updated": "2017-04-02T02:35:03.893Z",
        "image": "/images/default",
        "price": "5.05",
        "change": "0.00",
        "last_price": "5.05"
    }
},
{
    "model": "stocks.stock",
    "pk": 30,
    "fields": {
        "company_name": "AmeriServ Financial Inc.",
        "symbol": "ASRVP",
        "last_updated": "2017-04-02T02:35:03.729Z",
        "image": "/images/default",
        "price": "26.95",
        "change": "0.12",
        "last_price": "26.95"
    }
},
{
    "model": "stocks.stock",
    "pk": 32,
    "fields": {
        "company_name": "Abengoa Yield plc",
        "symbol": "ABY",
        "last_updated": "2017-04-02T02:35:03.579Z",
        "image": "/images/default",
        "price": "21.08",
        "change": "0.02",
        "last_price": "21.08"
    }
},
{
    "model": "stocks.stock",
    "pk": 34,
    "fields": {
        "company_name": "Applied Genetic Technologies Co",
        "symbol": "AGTC",
        "last_updated": "2017-04-02T02:35:03.418Z",
        "image": "/images/default",
        "price": "6.85",
        "change": "0.05",
        "last_price": "6.85"
    }
},
{
    "model": "stocks.stock",
    "pk": 38,
    "fields": {
        "company_name": "American Airlines Group, Inc.",
        "symbol": "AAL",
        "last_updated": "2017-04-02T02:35:03.239Z",
        "image": "/images/default",
        "price": "42.30",
        "change": "-0.24",
        "last_price": "42.30"
    }
},
{
    "model": "stocks.stock",
    "pk": 39,
    "fields": {
        "company_name": "POSCO Common Stock",
        "symbol": "PKX",
        "last_updated": "2017-04-02T02:35:03.100Z",
        "image": "/images/default",
        "price": "65.50",
        "change": "0.32",
        "last_price": "65.50"
    }
},
{
    "model": "stocks.stock",
    "pk": 40,
    "fields": {
        "company_name": "Credit Suisse AG",
        "symbol": "DGLD",
        "last_updated": "2017-04-02T02:35:02.911Z",
        "image": "/images/default",
        "price": "52.90",
        "change": "-0.30",
        "last_price": "52.90"
    }
},
{
    "model": "stocks.stock",
    "pk": 41,
    "fields": {
        "company_name": "Advanced Energy Industries, Inc",
        "symbol": "AEIS",
        "last_updated": "2017-04-02T02:35:02.748Z",
        "image": "/images/default",
        "price": "68.34",
        "change": "0.22",
        "last_price": "68.34"
    }
},
{
    "model": "stocks.stock",
    "pk": 42,
    "fields": {
        "company_name": "1st Constitution Bancorp (NJ)",
        "symbol": "FCCY",
        "last_updated": "2017-04-02T02:35:02.596Z",
        "image": "/images/default",
        "price": "19.95",
        "change": "0.40",
        "last_price": "19.95"
    }
},
{
    "model": "stocks.stock",
    "pk": 43,
    "fields": {
        "company_name": "Credit Suisse AG",
        "symbol": "UGLD",
        "last_updated": "2017-04-02T02:35:02.429Z",
        "image": "/images/default",
        "price": "11.00",
        "change": "0.05",
        "last_price": "11.00"
    }
},
{
    "model": "stocks.stock",
    "pk": 44,
    "fields": {
        "company_name": "El Pollo Loco Holdings, Inc.",
        "symbol": "LOCO",
        "last_updated": "2017-04-02T02:35:02.273Z",
        "image": "/images/default",
        "price": "12.35",
        "change": "-0.15",
        "last_price": "12.35"
    }
},
{
    "model": "stocks.stock",
    "pk": 45,
    "fields": {
        "company_name": "Abraxas Petroleum Corporation",
        "symbol": "AXAS",
        "last_updated": "2017-04-02T02:35:02.099Z",
        "image": "/images/default",
        "price": "2.05",
        "change": "0.08",
        "last_price": "2.05"
    }
},
{
    "model": "stocks.stock",
    "pk": 47,
    "fields": {
        "company_name": "Las Vegas Sands Corp. Common St",
        "symbol": "LVS",
        "last_updated": "2017-04-02T02:35:01.917Z",
        "image": "/images/default",
        "price": "57.24",
        "change": "0.04",
        "last_price": "57.24"
    }
},
{
    "model": "stocks.stock",
    "pk": 48,
    "fields": {
        "company_name": "Shell Midstream Partners, L.P. ",
        "symbol": "SHLX",
        "last_updated": "2017-04-02T02:35:01.727Z",
        "image": "/images/default",
        "price": "37.22",
        "change": "0.27",
        "last_price": "37.22"
    }
},
{
    "model": "stocks.stock",
    "pk": 49,
    "fields": {
        "company_name": "Atlas Air Worldwide Holdings",
        "symbol": "AAWW",
        "last_updated": "2017-04-02T02:35:01.571Z",
        "image": "/images/default",
        "price": "65.95",
        "change": "-0.20",
        "last_price": "65.95"
    }
},
{
    "model": "stocks.stock",
    "pk": 50,
    "fields": {
        "company_name": "8point3 Energy Partners LP",
        "symbol": "CAFD",
        "last_updated": "2017-04-02T02:35:01.405Z",
        "image": "/images/default",
        "price": "15.50",
        "change": "0.06",
        "last_price": "15.50"
    }
},
{
    "model": "stocks.stock",
    "pk": 53,
    "fields": {
        "company_name": "First Trust Emerging Markets Lo",
        "symbol": "FEMB",
        "last_updated": "2017-04-02T02:35:01.224Z",
        "image": "/images/default",
        "price": "42.51",
        "change": "-0.24",
        "last_price": "42.51"
    }
},
{
    "model": "stocks.stock",
    "pk": 59,
    "fields": {
        "company_name": "Gold Fields Limited American De",
        "symbol": "GFI",
        "last_updated": "2017-04-02T02:35:01.015Z",
        "image": "/images/default",
        "price": "3.58",
        "change": "0.05",
        "last_price": "3.58"
    }
},
{
    "model": "stocks.stock",
    "pk": 61,
    "fields": {
        "company_name": "St. Joe Company (The) Common St",
        "symbol": "JOE",
        "last_updated": "2017-04-02T02:35:00.858Z",
        "image": "/images/default",
        "price": "17.15",
        "change": "0.00",
        "last_price": "17.15"
    }
},
{
    "model": "stocks.stock",
    "pk": 62,
    "fields": {
        "company_name": "Boston Private Financial Holdin",
        "symbol": "BPFH",
        "last_updated": "2017-04-02T02:35:00.692Z",
        "image": "/images/default",
        "price": "17.40",
        "change": "-0.20",
        "last_price": "17.40"
    }
},
{
    "model": "stocks.stock",
    "pk": 63,
    "fields": {
        "company_name": "G. Willi-Food International,  L",
        "symbol": "WILC",
        "last_updated": "2017-04-02T02:35:00.536Z",
        "image": "/images/default",
        "price": "6.44",
        "change": "0.07",
        "last_price": "6.44"
    }
},
{
    "model": "stocks.stock",
    "pk": 64,
    "fields": {
        "company_name": "Georgetown Bancorp, Inc.",
        "symbol": "GTWN",
        "last_updated": "2017-04-02T02:35:00.377Z",
        "image": "/images/default",
        "price": "25.95",
        "change": "0.00",
        "last_price": "25.95"
    }
},
{
    "model": "stocks.stock",
    "pk": 65,
    "fields": {
        "company_name": "Bruker Corporation",
        "symbol": "BRKR",
        "last_updated": "2017-04-02T02:35:00.212Z",
        "image": "/images/default",
        "price": "23.82",
        "change": "0.38",
        "last_price": "23.82"
    }
},
{
    "model": "stocks.stock",
    "pk": 67,
    "fields": {
        "company_name": "Bank of America Corporation Com",
        "symbol": "BAC",
        "last_updated": "2017-04-02T02:34:59.709Z",
        "image": "/images/default",
        "price": "23.63",
        "change": "-0.28",
        "last_price": "23.63"
    }
},
{
    "model": "stocks.stock",
    "pk": 68,
    "fields": {
        "company_name": "AAR Corp. Common Stock",
        "symbol": "AIR",
        "last_updated": "2017-04-02T02:34:59.545Z",
        "image": "/images/default",
        "price": "33.78",
        "change": "-0.15",
        "last_price": "33.78"
    }
},
{
    "model": "stocks.stock",
    "pk": 69,
    "fields": {
        "company_name": "Bob Evans Farms, Inc.",
        "symbol": "BOBE",
        "last_updated": "2017-04-02T02:34:59.388Z",
        "image": "/images/default",
        "price": "64.63",
        "change": "0.24",
        "last_price": "64.63"
    }
},
{
    "model": "stocks.stock",
    "pk": 70,
    "fields": {
        "company_name": "Golar LNG Limited",
        "symbol": "GLNG",
        "last_updated": "2017-04-02T02:34:59.205Z",
        "image": "/images/default",
        "price": "32.49",
        "change": "-0.33",
        "last_price": "32.49"
    }
},
{
    "model": "stocks.stock",
    "pk": 71,
    "fields": {
        "company_name": "Almost Family Inc",
        "symbol": "AFAM",
        "last_updated": "2017-04-02T02:34:59.054Z",
        "image": "/images/default",
        "price": "48.90",
        "change": "-0.30",
        "last_price": "48.90"
    }
},
{
    "model": "stocks.stock",
    "pk": 73,
    "fields": {
        "company_name": "Alphabet Inc.",
        "symbol": "GOOGL",
        "last_updated": "2017-04-02T02:34:58.890Z",
        "image": "/images/default",
        "price": "848.99",
        "change": "-1.68",
        "last_price": "848.99"
    }
},
{
    "model": "stocks.stock",
    "pk": 74,
    "fields": {
        "company_name": "AlphaMark Actively Managed Smal",
        "symbol": "SMCP",
        "last_updated": "2017-04-02T02:34:58.726Z",
        "image": "/images/default",
        "price": "24.45",
        "change": "-0.10",
        "last_price": "24.45"
    }
},
{
    "model": "stocks.stock",
    "pk": 75,
    "fields": {
        "company_name": "Intel Corporation",
        "symbol": "INTC",
        "last_updated": "2017-04-02T02:34:58.546Z",
        "image": "/images/default",
        "price": "36.10",
        "change": "0.32",
        "last_price": "36.10"
    }
},
{
    "model": "stocks.stock",
    "pk": 76,
    "fields": {
        "company_name": "QUALCOMM Incorporated",
        "symbol": "QCOM",
        "last_updated": "2017-04-02T02:34:58.378Z",
        "image": "/images/default",
        "price": "57.59",
        "change": "0.14",
        "last_price": "57.59"
    }
},
{
    "model": "stocks.stock",
    "pk": 83,
    "fields": {
        "company_name": "Viacom Inc.",
        "symbol": "VIA",
        "last_updated": "2017-04-02T02:34:58.227Z",
        "image": "/images/default",
        "price": "48.90",
        "change": "0.65",
        "last_price": "48.90"
    }
},
{
    "model": "stocks.stock",
    "pk": 86,
    "fields": {
        "company_name": "Exxon Mobil Corporation Common ",
        "symbol": "XOM",
        "last_updated": "2017-04-02T02:34:58.066Z",
        "image": "/images/default",
        "price": "82.05",
        "change": "-1.69",
        "last_price": "82.05"
    }
},
{
    "model": "stocks.stock",
    "pk": 87,
    "fields": {
        "company_name": "A. Schulman, Inc.",
        "symbol": "SHLM",
        "last_updated": "2017-04-02T02:34:57.902Z",
        "image": "/images/default",
        "price": "31.55",
        "change": "0.40",
        "last_price": "31.55"
    }
},
{
    "model": "stocks.stock",
    "pk": 88,
    "fields": {
        "company_name": "Wintrust Financial Corporation",
        "symbol": "WTFC",
        "last_updated": "2017-04-02T02:34:57.737Z",
        "image": "/images/default",
        "price": "76.40",
        "change": "-1.29",
        "last_price": "76.40"
    }
},
{
    "model": "stocks.stock",
    "pk": 89,
    "fields": {
        "company_name": "SunTrust Banks, Inc. Common Sto",
        "symbol": "STI",
        "last_updated": "2017-04-02T02:34:57.546Z",
        "image": "/images/default",
        "price": "56.77",
        "change": "-0.78",
        "last_price": "56.77"
    }
},
{
    "model": "stocks.stock",
    "pk": 90,
    "fields": {
        "company_name": "Fifth Third Bancorp",
        "symbol": "FITB",
        "last_updated": "2017-04-02T02:34:57.365Z",
        "image": "/images/default",
        "price": "27.00",
        "change": "-0.33",
        "last_price": "27.00"
    }
},
{
    "model": "stocks.stock",
    "pk": 91,
    "fields": {
        "company_name": "Energy XXI Ltd.",
        "symbol": "EXXI",
        "last_updated": "2017-04-02T02:34:57.203Z",
        "image": "/images/default",
        "price": "29.96",
        "change": "0.01",
        "last_price": "29.96"
    }
},
{
    "model": "stocks.stock",
    "pk": 92,
    "fields": {
        "company_name": "Vera Bradley, Inc.",
        "symbol": "VRA",
        "last_updated": "2017-04-02T02:34:57.049Z",
        "image": "/images/default",
        "price": "12.03",
        "change": "0.11",
        "last_price": "12.03"
    }
},
{
    "model": "stocks.stock",
    "pk": 93,
    "fields": {
        "company_name": "ServisFirst Bancshares, Inc.",
        "symbol": "SFBS",
        "last_updated": "2017-04-02T02:34:56.833Z",
        "image": "/images/default",
        "price": "36.44",
        "change": "-0.06",
        "last_price": "36.44"
    }
},
{
    "model": "stocks.stock",
    "pk": 94,
    "fields": {
        "company_name": "Starbucks Corporation",
        "symbol": "SBUX",
        "last_updated": "2017-04-02T02:34:56.688Z",
        "image": "/images/default",
        "price": "58.59",
        "change": "0.23",
        "last_price": "58.59"
    }
},
{
    "model": "stocks.stock",
    "pk": 95,
    "fields": {
        "company_name": "Apple Hospitality REIT, Inc. Co",
        "symbol": "APLE",
        "last_updated": "2017-04-02T02:34:56.532Z",
        "image": "/images/default",
        "price": "19.50",
        "change": "0.12",
        "last_price": "19.50"
    }
},
{
    "model": "stocks.stock",
    "pk": 96,
    "fields": {
        "company_name": "General Employment Enterprises,",
        "symbol": "JOB",
        "last_updated": "2017-04-02T02:34:56.365Z",
        "image": "/images/default",
        "price": "8.10",
        "change": "-0.02",
        "last_price": "8.10"
    }
},
{
    "model": "stocks.stock",
    "pk": 97,
    "fields": {
        "company_name": "Grand Canyon Education, Inc.",
        "symbol": "LOPE",
        "last_updated": "2017-04-02T02:34:56.218Z",
        "image": "/images/default",
        "price": "71.74",
        "change": "-0.13",
        "last_price": "71.74"
    }
},
{
    "model": "stocks.stock",
    "pk": 98,
    "fields": {
        "company_name": "American Public Education, Inc.",
        "symbol": "APEI",
        "last_updated": "2017-04-02T02:34:56.068Z",
        "image": "/images/default",
        "price": "29.00",
        "change": "0.10",
        "last_price": "29.00"
    }
},
{
    "model": "stocks.stock",
    "pk": 99,
    "fields": {
        "company_name": "Amerco",
        "symbol": "UHAL",
        "last_updated": "2017-04-02T02:34:55.920Z",
        "image": "/images/default",
        "price": "380.23",
        "change": "0.96",
        "last_price": "380.23"
    }
},
{
    "model": "stocks.stock",
    "pk": 100,
    "fields": {
        "company_name": "Intrexon Corporation Common Sto",
        "symbol": "XON",
        "last_updated": "2017-04-02T02:34:55.760Z",
        "image": "/images/default",
        "price": "19.95",
        "change": "0.10",
        "last_price": "19.95"
    }
},
{
    "model": "stocks.floor",
    "pk": 1,
    "fields": {
        "name": "FirstFloor",
        "permissiveness": "open",
        "owner": [
            "ddsnowboard"
        ],
        "floorPlayer": 8,
        "public": false,
        "num_stocks": 10,
        "stocks": [
            1,
            2,
            3,
            4,
            5,
            6,
            7,
            8,
            13,
            17,
            38,
            47,
            48,
            67
        ]
    }
},
{
    "model": "stocks.floor",
    "pk": 6,
    "fields": {
        "name": "PermissiveFloor",
        "permissiveness": "permissive",
        "owner": [
            "ddsnowboard"
        ],
        "floorPlayer": 21,
        "public": true,
        "num_stocks": 10,
        "stocks": [
            24,
            40,
            41,
            42,
            43,
            47,
            48,
            49,
            50,
            53,
            91,
            96
        ]
    }
},
{
    "model": "stocks.floor",
    "pk": 7,
    "fields": {
        "name": "George",
        "permissiveness": "open",
        "owner": [
            "ddsnowboard"
        ],
        "floorPlayer": 25,
        "public": true,
        "num_stocks": 10,
        "stocks": [
            65
        ]
    }
},
{
    "model": "stocks.floor",
    "pk": 12,
    "fields": {
        "name": "SmallFloor",
        "permissiveness": "closed",
        "owner": [
            "ddsnowboard"
        ],
        "floorPlayer": 37,
        "public": false,
        "num_stocks": 5,
        "stocks": [
            4,
            38,
            87,
            88,
            89,
            90,
            95
        ]
    }
},
{
    "model": "stocks.player",
    "pk": 1,
    "fields": {
        "user": [
            "ddsnowboard"
        ],
        "floor": 1,
        "points": 15906,
        "stocks": [
            1,
            5,
            47,
            67
        ]
    }
},
{
    "model": "stocks.player",
    "pk": 3,
    "fields": {
        "user": [
            "JoeSchmo"
        ],
        "floor": 1,
        "points": 5714,
        "stocks": [
            7,
            13,
            17,
            38,
            48
        ]
    }
},
{
    "model": "stocks.player",
    "pk": 8,
    "fields": {
        "user": [
            "Floor"
        ],
        "floor": 1,
        "points": 14692,
        "stocks": [
            2,
            3,
            4,
            6,
            8
        ]
    }
},
{
    "model": "stocks.player",
    "pk": 20,
    "fields": {
        "user": [
            "ddsnowboard"
        ],
        "floor": 6,
        "points": 695752,
        "stocks": [
            47,
            49,
            53,
            91
        ]
    }
},
{
    "model": "stocks.player",
    "pk": 21,
    "fields": {
        "user": [
            "Floor"
        ],
        "floor": 6,
        "points": 10361,
        "stocks": [
            24,
            40,
            42,
            43,
            50
        ]
    }
},
{
    "model": "stocks.player",
    "pk": 22,
    "fields": {
        "user": [
            "JoeSchmo"
        ],
        "floor": 6,
        "points": 7226,
        "stocks": [
            41,
            48,
            96
        ]
    }
},
{
    "model": "stocks.player",
    "pk": 25,
    "fields": {
        "user": [
            "Floor"
        ],
        "floor": 7,
        "points": 93,
        "stocks": [
            65
        ]
    }
},
{
    "model": "stocks.player",
    "pk": 36,
    "fields": {
        "user": [
            "ddsnowboard"
        ],
        "floor": 12,
        "points": 8579,
        "stocks": [
            4,
            88,
            89
        ]
    }
},
{
    "model": "stocks.player",
    "pk": 37,
    "fields": {
        "user": [
            "Floor"
        ],
        "floor": 12,
        "points": 662,
        "stocks": [
            87
        ]
    }
},
{
    "model": "stocks.player",
    "pk": 38,
    "fields": {
        "user": [
            "JoeSchmo"
        ],
        "floor": 12,
        "points": 1845,
        "stocks": [
            38,
            90
        ]
    }
},
{
    "model": "stocks.player",
    "pk": 40,
    "fields": {
        "user": [
            "JoeSchmo"
        ],
        "floor": 7,
        "points": 0,
        "stocks": []
    }
},
{
    "model": "admin.logentry",
    "pk": 1,
    "fields": {
        "action_time": "2015-11-12T22:55:23.407Z",
        "user": [
            "ddsnowboard"
        ],
        "content_type": [
            "stocks",
            "player"
        ],
        "object_id": "1",
        "object_repr": "ddsnowboard on FirstFloor",
        "action_flag": 2,
        "change_message": "Changed stocks."
    }
},
{
    "model": "admin.logentry",
    "pk": 2,
    "fields": {
        "action_time": "2015-11-13T16:19:52.886Z",
        "user": [
            "ddsnowboard"
        ],
        "content_type": [
            "stocks",
            "floor"
        ],
        "object_id": "2",
        "object_repr": "378Test",
        "action_flag": 3,
        "change_message": ""
    }
},
{
    "model": "admin.logentry",
    "pk": 3,
    "fields": {
        "action_time": "2015-11-13T17:12:47.427Z",
        "user": [
            "ddsnowboard"
        ],
        "content_type": [
            "auth",
            "user"
        ],
        "object_id": "2",
        "object_repr": "JoeSchmo",
        "action_flag": 1,
        "change_message": ""
    }
},
{
    "model": "admin.logentry",
    "pk": 4,
    "fields": {
        "action_time": "2015-11-13T17:12:54.442Z",
        "user": [
            "ddsnowboard"
        ],
        "content_type": [
            "stocks",
            "player"
        ],
        "object_id": "3",
        "object_repr": "JoeSchmo on FirstFloor",
        "action_flag": 1,
        "change_message": ""
    }
},
{
    "model": "admin.logentry",
    "pk": 5,
    "fields": {
        "action_time": "2015-11-13T17:13:56.918Z",
        "user": [
            "ddsnowboard"
        ],
        "content_type": [
            "auth",
            "user"
        ],
        "object_id": "2",
        "object_repr": "JoeSchmo",
        "action_flag": 2,
        "change_message": "Changed email."
    }
},
{
    "model": "admin.logentry",
    "pk": 6,
    "fields": {
        "action_time": "2015-11-16T02:21:26.527Z",
        "user": [
            "ddsnowboard"
        ],
        "content_type": [
            "stocks",
            "floor"
        ],
        "object_id": "3",
        "object_repr": "csal",
        "action_flag": 3,
        "change_message": ""
    }
},
{
    "model": "admin.logentry",
    "pk": 7,
    "fields": {
        "action_time": "2015-11-17T01:54:13.344Z",
        "user": [
            "ddsnowboard"
        ],
        "content_type": [
            "stocks",
            "stock"
        ],
        "object_id": "13",
        "object_repr": "Communications Sales & Leasing, (CSAL)",
        "action_flag": 2,
        "change_message": "Changed company_name."
    }
},
{
    "model": "admin.logentry",
    "pk": 8,
    "fields": {
        "action_time": "2015-11-17T01:54:58.321Z",
        "user": [
            "ddsnowboard"
        ],
        "content_type": [
            "stocks",
            "stock"
        ],
        "object_id": "13",
        "object_repr": "Communications Sales & Leasing, (CSAL)",
        "action_flag": 2,
        "change_message": "Changed last_updated and price."
    }
},
{
    "model": "admin.logentry",
    "pk": 9,
    "fields": {
        "action_time": "2015-11-17T01:58:32.838Z",
        "user": [
            "ddsnowboard"
        ],
        "content_type": [
            "stocks",
            "floor"
        ],
        "object_id": "4",
        "object_repr": "csal",
        "action_flag": 3,
        "change_message": ""
    }
},
{
    "model": "admin.logentry",
    "pk": 10,
    "fields": {
        "action_time": "2015-11-19T02:09:01.046Z",
        "user": [
            "ddsnowboard"
        ],
        "content_type": [
            "stocks",
            "floor"
        ],
        "object_id": "5",
        "object_repr": "FlortyFloor",
        "action_flag": 3,
        "change_message": ""
    }
},
{
    "model": "admin.logentry",
    "pk": 11,
    "fields": {
        "action_time": "2015-11-19T02:37:12.911Z",
        "user": [
            "ddsnowboard"
        ],
        "content_type": [
            "stocks",
            "floor"
        ],
        "object_id": "1",
        "object_repr": "FirstFloor",
        "action_flag": 2,
        "change_message": "Changed stocks."
    }
},
{
    "model": "admin.logentry",
    "pk": 12,
    "fields": {
        "action_time": "2015-11-28T23:36:04.699Z",
        "user": [
            "ddsnowboard"
        ],
        "content_type": [
            "auth",
            "user"
        ],
        "object_id": "3",
        "object_repr": "Floor",
        "action_flag": 1,
        "change_message": ""
    }
},
{
    "model": "admin.logentry",
    "pk": 13,
    "fields": {
        "action_time": "2015-11-28T23:52:18.474Z",
        "user": [
            "ddsnowboard"
        ],
        "content_type": [
            "auth",
            "group"
        ],
        "object_id": "2",
        "object_repr": "FloorUser",
        "action_flag": 3,
        "change_message": ""
    }
},
{
    "model": "admin.logentry",
    "pk": 14,
    "fields": {
        "action_time": "2015-11-28T23:52:35.981Z",
        "user": [
            "ddsnowboard"
        ],
        "content_type": [
            "auth",
            "user"
        ],
        "object_id": "3",
        "object_repr": "Floor",
        "action_flag": 2,
        "change_message": "Changed groups."
    }
},
{
    "model": "admin.logentry",
    "pk": 15,
    "fields": {
        "action_time": "2015-11-28T23:53:34.548Z",
        "user": [
            "ddsnowboard"
        ],
        "content_type": [
            "stocks",
            "player"
        ],
        "object_id": "7",
        "object_repr": "Floor on FirstFloor",
        "action_flag": 1,
        "change_message": ""
    }
},
{
    "model": "admin.logentry",
    "pk": 16,
    "fields": {
        "action_time": "2015-11-28T23:54:32.880Z",
        "user": [
            "ddsnowboard"
        ],
        "content_type": [
            "stocks",
            "player"
        ],
        "object_id": "7",
        "object_repr": "Floor on FirstFloor",
        "action_flag": 3,
        "change_message": ""
    }
},
{
    "model": "admin.logentry",
    "pk": 17,
    "fields": {
        "action_time": "2015-11-28T23:54:41.161Z",
        "user": [
            "ddsnowboard"
        ],
        "content_type": [
            "stocks",
            "player"
        ],
        "object_id": "8",
        "object_repr": "Floor on FirstFloor",
        "action_flag": 1,
        "change_message": ""
    }
},
{
    "model": "admin.logentry",
    "pk": 18,
    "fields": {
        "action_time": "2015-11-29T22:25:08.748Z",
        "user": [
            "ddsnowboard"
        ],
        "content_type": [
            "stocks",
            "floor"
        ],
        "object_id": "1",
        "object_repr": "FirstFloor",
        "action_flag": 2,
        "change_message": "Changed floorPlayer."
    }
},
{
    "model": "admin.logentry",
    "pk": 19,
    "fields": {
        "action_time": "2015-11-29T22:35:11.522Z",
        "user": [
            "ddsnowboard"
        ],
        "content_type": [
            "stocks",
            "floor"
        ],
        "object_id": "2",
        "object_repr": "floorTest",
        "action_flag": 3,
        "change_message": ""
    }
},
{
    "model": "admin.logentry",
    "pk": 20,
    "fields": {
        "action_time": "2015-11-29T22:35:49.996Z",
        "user": [
            "ddsnowboard"
        ],
        "content_type": [
            "stocks",
            "floor"
        ],
        "object_id": "3",
        "object_repr": "floorTest",
        "action_flag": 3,
        "change_message": ""
    }
},
{
    "model": "admin.logentry",
    "pk": 21,
    "fields": {
        "action_time": "2015-11-29T22:36:59.981Z",
        "user": [
            "ddsnowboard"
        ],
        "content_type": [
            "auth",
            "user"
        ],
        "object_id": "2",
        "object_repr": "JoeSchmo",
        "action_flag": 2,
        "change_message": "Changed password."
    }
},
{
    "model": "admin.logentry",
    "pk": 22,
    "fields": {
        "action_time": "2015-11-29T22:40:02.031Z",
        "user": [
            "ddsnowboard"
        ],
        "content_type": [
            "stocks",
            "floor"
        ],
        "object_id": "4",
        "object_repr": "floorTest2",
        "action_flag": 3,
        "change_message": ""
    }
},
{
    "model": "admin.logentry",
    "pk": 23,
    "fields": {
        "action_time": "2015-11-29T22:44:34.662Z",
        "user": [
            "ddsnowboard"
        ],
        "content_type": [
            "stocks",
            "player"
        ],
        "object_id": "8",
        "object_repr": "Floor on FirstFloor",
        "action_flag": 2,
        "change_message": "Changed stocks."
    }
},
{
    "model": "admin.logentry",
    "pk": 24,
    "fields": {
        "action_time": "2015-11-29T22:44:42.113Z",
        "user": [
            "ddsnowboard"
        ],
        "content_type": [
            "stocks",
            "player"
        ],
        "object_id": "3",
        "object_repr": "JoeSchmo on FirstFloor",
        "action_flag": 2,
        "change_message": "Changed stocks."
    }
},
{
    "model": "admin.logentry",
    "pk": 25,
    "fields": {
        "action_time": "2015-11-29T22:44:46.124Z",
        "user": [
            "ddsnowboard"
        ],
        "content_type": [
            "stocks",
            "player"
        ],
        "object_id": "1",
        "object_repr": "ddsnowboard on FirstFloor",
        "action_flag": 2,
        "change_message": "Changed stocks."
    }
},
{
    "model": "admin.logentry",
    "pk": 26,
    "fields": {
        "action_time": "2015-11-29T23:14:52.369Z",
        "user": [
            "ddsnowboard"
        ],
        "content_type": [
            "stocks",
            "trade"
        ],
        "object_id": "3",
        "object_repr": "Trade from ddsnowboard to Floor on floorTest",
        "action_flag": 3,
        "change_message": ""
    }
},
{
    "model": "admin.logentry",
    "pk": 27,
    "fields": {
        "action_time": "2015-11-29T23:14:52.379Z",
        "user": [
            "ddsnowboard"
        ],
        "content_type": [
            "stocks",
            "trade"
        ],
        "object_id": "2",
        "object_repr": "Trade from ddsnowboard to Floor on floorTest",
        "action_flag": 3,
        "change_message": ""
    }
},
{
    "model": "admin.logentry",
    "pk": 28,
    "fields": {
        "action_time": "2015-11-29T23:14:52.385Z",
        "user": [
            "ddsnowboard"
        ],
        "content_type": [
            "stocks",
            "trade"
        ],
        "object_id": "1",
        "object_repr": "Trade from ddsnowboard to Floor on FirstFloor",
        "action_flag": 3,
        "change_message": ""
    }
},
{
    "model": "admin.logentry",
    "pk": 29,
    "fields": {
        "action_time": "2015-12-01T02:54:59.517Z",
        "user": [
            "ddsnowboard"
        ],
        "content_type": [
            "stocks",
            "trade"
        ],
        "object_id": "5",
        "object_repr": "Trade from ddsnowboard to Floor on FirstFloor",
        "action_flag": 3,
        "change_message": ""
    }
},
{
    "model": "admin.logentry",
    "pk": 30,
    "fields": {
        "action_time": "2015-12-01T02:54:59.523Z",
        "user": [
            "ddsnowboard"
        ],
        "content_type": [
            "stocks",
            "trade"
        ],
        "object_id": "4",
        "object_repr": "Trade from ddsnowboard to Floor on floorTest",
        "action_flag": 3,
        "change_message": ""
    }
},
{
    "model": "admin.logentry",
    "pk": 31,
    "fields": {
        "action_time": "2015-12-01T03:03:52.167Z",
        "user": [
            "ddsnowboard"
        ],
        "content_type": [
            "stocks",
            "player"
        ],
        "object_id": "18",
        "object_repr": "ddsnowboard on floorTest",
        "action_flag": 2,
        "change_message": "Changed stocks."
    }
},
{
    "model": "admin.logentry",
    "pk": 32,
    "fields": {
        "action_time": "2015-12-01T03:11:50.339Z",
        "user": [
            "ddsnowboard"
        ],
        "content_type": [
            "stocks",
            "stock"
        ],
        "object_id": "3",
        "object_repr": "Tata Motors Ltd (TTM)",
        "action_flag": 2,
        "change_message": "Changed company_name."
    }
},
{
    "model": "admin.logentry",
    "pk": 33,
    "fields": {
        "action_time": "2015-12-01T03:24:03.962Z",
        "user": [
            "ddsnowboard"
        ],
        "content_type": [
            "stocks",
            "trade"
        ],
        "object_id": "7",
        "object_repr": "Trade from ddsnowboard to Floor on FirstFloor",
        "action_flag": 3,
        "change_message": ""
    }
},
{
    "model": "admin.logentry",
    "pk": 34,
    "fields": {
        "action_time": "2015-12-01T03:29:43.691Z",
        "user": [
            "ddsnowboard"
        ],
        "content_type": [
            "stocks",
            "trade"
        ],
        "object_id": "9",
        "object_repr": "Trade from ddsnowboard to Floor on FirstFloor",
        "action_flag": 3,
        "change_message": ""
    }
},
{
    "model": "admin.logentry",
    "pk": 35,
    "fields": {
        "action_time": "2015-12-01T03:29:43.702Z",
        "user": [
            "ddsnowboard"
        ],
        "content_type": [
            "stocks",
            "trade"
        ],
        "object_id": "8",
        "object_repr": "Trade from ddsnowboard to Floor on FirstFloor",
        "action_flag": 3,
        "change_message": ""
    }
},
{
    "model": "admin.logentry",
    "pk": 36,
    "fields": {
        "action_time": "2015-12-01T03:31:05.098Z",
        "user": [
            "ddsnowboard"
        ],
        "content_type": [
            "stocks",
            "trade"
        ],
        "object_id": "11",
        "object_repr": "Trade from ddsnowboard to Floor on FirstFloor",
        "action_flag": 3,
        "change_message": ""
    }
},
{
    "model": "admin.logentry",
    "pk": 37,
    "fields": {
        "action_time": "2015-12-01T03:31:05.113Z",
        "user": [
            "ddsnowboard"
        ],
        "content_type": [
            "stocks",
            "trade"
        ],
        "object_id": "10",
        "object_repr": "Trade from ddsnowboard to Floor on FirstFloor",
        "action_flag": 3,
        "change_message": ""
    }
},
{
    "model": "admin.logentry",
    "pk": 38,
    "fields": {
        "action_time": "2015-12-01T03:33:12.544Z",
        "user": [
            "ddsnowboard"
        ],
        "content_type": [
            "stocks",
            "trade"
        ],
        "object_id": "13",
        "object_repr": "Trade from ddsnowboard to Floor on floorTest",
        "action_flag": 3,
        "change_message": ""
    }
},
{
    "model": "admin.logentry",
    "pk": 39,
    "fields": {
        "action_time": "2015-12-01T03:37:06.316Z",
        "user": [
            "ddsnowboard"
        ],
        "content_type": [
            "stocks",
            "trade"
        ],
        "object_id": "15",
        "object_repr": "Trade from ddsnowboard to Floor on FirstFloor",
        "action_flag": 3,
        "change_message": ""
    }
},
{
    "model": "admin.logentry",
    "pk": 40,
    "fields": {
        "action_time": "2015-12-01T03:37:06.321Z",
        "user": [
            "ddsnowboard"
        ],
        "content_type": [
            "stocks",
            "trade"
        ],
        "object_id": "14",
        "object_repr": "Trade from ddsnowboard to Floor on FirstFloor",
        "action_flag": 3,
        "change_message": ""
    }
},
{
    "model": "admin.logentry",
    "pk": 41,
    "fields": {
        "action_time": "2015-12-01T03:37:59.931Z",
        "user": [
            "ddsnowboard"
        ],
        "content_type": [
            "stocks",
            "trade"
        ],
        "object_id": "16",
        "object_repr": "Trade from ddsnowboard to Floor on FirstFloor",
        "action_flag": 3,
        "change_message": ""
    }
},
{
    "model": "admin.logentry",
    "pk": 42,
    "fields": {
        "action_time": "2015-12-01T03:38:47.111Z",
        "user": [
            "ddsnowboard"
        ],
        "content_type": [
            "stocks",
            "trade"
        ],
        "object_id": "17",
        "object_repr": "Trade from ddsnowboard to Floor on FirstFloor",
        "action_flag": 3,
        "change_message": ""
    }
},
{
    "model": "admin.logentry",
    "pk": 43,
    "fields": {
        "action_time": "2015-12-01T03:47:09.686Z",
        "user": [
            "ddsnowboard"
        ],
        "content_type": [
            "stocks",
            "trade"
        ],
        "object_id": "18",
        "object_repr": "Trade from ddsnowboard to Floor on FirstFloor",
        "action_flag": 3,
        "change_message": ""
    }
},
{
    "model": "admin.logentry",
    "pk": 44,
    "fields": {
        "action_time": "2015-12-05T01:35:36.016Z",
        "user": [
            "ddsnowboard"
        ],
        "content_type": [
            "stocks",
            "trade"
        ],
        "object_id": "2",
        "object_repr": "Trade from ddsnowboard to JoeSchmo on FirstFloor",
        "action_flag": 3,
        "change_message": ""
    }
},
{
    "model": "admin.logentry",
    "pk": 45,
    "fields": {
        "action_time": "2015-12-08T02:06:07.905Z",
        "user": [
            "ddsnowboard"
        ],
        "content_type": [
            "stocks",
            "trade"
        ],
        "object_id": "5",
        "object_repr": "Trade from ddsnowboard to JoeSchmo on FirstFloor",
        "action_flag": 3,
        "change_message": ""
    }
},
{
    "model": "admin.logentry",
    "pk": 46,
    "fields": {
        "action_time": "2015-12-08T02:31:50.092Z",
        "user": [
            "ddsnowboard"
        ],
        "content_type": [
            "stocks",
            "trade"
        ],
        "object_id": "8",
        "object_repr": "Trade from ddsnowboard to JoeSchmo on FirstFloor",
        "action_flag": 3,
        "change_message": ""
    }
},
{
    "model": "admin.logentry",
    "pk": 47,
    "fields": {
        "action_time": "2015-12-08T02:44:05.312Z",
        "user": [
            "ddsnowboard"
        ],
        "content_type": [
            "stocks",
            "trade"
        ],
        "object_id": "14",
        "object_repr": "Trade from JoeSchmo to ddsnowboard on FirstFloor",
        "action_flag": 3,
        "change_message": ""
    }
},
{
    "model": "admin.logentry",
    "pk": 48,
    "fields": {
        "action_time": "2015-12-08T02:54:39.756Z",
        "user": [
            "ddsnowboard"
        ],
        "content_type": [
            "stocks",
            "trade"
        ],
        "object_id": "18",
        "object_repr": "Trade from JoeSchmo to ddsnowboard on FirstFloor",
        "action_flag": 3,
        "change_message": ""
    }
},
{
    "model": "admin.logentry",
    "pk": 49,
    "fields": {
        "action_time": "2015-12-08T02:54:56.467Z",
        "user": [
            "ddsnowboard"
        ],
        "content_type": [
            "stocks",
            "trade"
        ],
        "object_id": "19",
        "object_repr": "Trade from ddsnowboard to JoeSchmo on FirstFloor",
        "action_flag": 2,
        "change_message": "Changed senderStocks."
    }
},
{
    "model": "admin.logentry",
    "pk": 50,
    "fields": {
        "action_time": "2015-12-08T03:03:21.682Z",
        "user": [
            "ddsnowboard"
        ],
        "content_type": [
            "stocks",
            "trade"
        ],
        "object_id": "22",
        "object_repr": "Trade from JoeSchmo to ddsnowboard on FirstFloor",
        "action_flag": 3,
        "change_message": ""
    }
},
{
    "model": "admin.logentry",
    "pk": 51,
    "fields": {
        "action_time": "2015-12-09T19:04:18.011Z",
        "user": [
            "ddsnowboard"
        ],
        "content_type": [
            "stocks",
            "trade"
        ],
        "object_id": "29",
        "object_repr": "Trade from ddsnowboard to Floor on FirstFloor",
        "action_flag": 3,
        "change_message": ""
    }
},
{
    "model": "admin.logentry",
    "pk": 52,
    "fields": {
        "action_time": "2015-12-09T19:12:59.845Z",
        "user": [
            "ddsnowboard"
        ],
        "content_type": [
            "stocks",
            "stock"
        ],
        "object_id": "35",
        "object_repr": "Gamestop Corporation Common Sto (GME)",
        "action_flag": 3,
        "change_message": ""
    }
},
{
    "model": "admin.logentry",
    "pk": 53,
    "fields": {
        "action_time": "2015-12-09T19:19:15.185Z",
        "user": [
            "ddsnowboard"
        ],
        "content_type": [
            "stocks",
            "stock"
        ],
        "object_id": "36",
        "object_repr": "Gamestop Corporation Common Sto (GME)",
        "action_flag": 3,
        "change_message": ""
    }
},
{
    "model": "admin.logentry",
    "pk": 54,
    "fields": {
        "action_time": "2015-12-09T19:19:28.247Z",
        "user": [
            "ddsnowboard"
        ],
        "content_type": [
            "stocks",
            "stock"
        ],
        "object_id": "37",
        "object_repr": "American Science and Engineerin (ASEI)",
        "action_flag": 3,
        "change_message": ""
    }
},
{
    "model": "admin.logentry",
    "pk": 55,
    "fields": {
        "action_time": "2015-12-09T19:30:59.973Z",
        "user": [
            "ddsnowboard"
        ],
        "content_type": [
            "stocks",
            "floor"
        ],
        "object_id": "6",
        "object_repr": "PermissiveFloor",
        "action_flag": 2,
        "change_message": "Changed name."
    }
},
{
    "model": "admin.logentry",
    "pk": 56,
    "fields": {
        "action_time": "2015-12-09T19:31:07.565Z",
        "user": [
            "ddsnowboard"
        ],
        "content_type": [
            "stocks",
            "floor"
        ],
        "object_id": "5",
        "object_repr": "FloorTest",
        "action_flag": 2,
        "change_message": "Changed name."
    }
},
{
    "model": "admin.logentry",
    "pk": 57,
    "fields": {
        "action_time": "2015-12-09T21:23:29.536Z",
        "user": [
            "ddsnowboard"
        ],
        "content_type": [
            "stocks",
            "stocksuggestion"
        ],
        "object_id": "2",
        "object_repr": "StockSuggestion object",
        "action_flag": 3,
        "change_message": ""
    }
},
{
    "model": "admin.logentry",
    "pk": 58,
    "fields": {
        "action_time": "2015-12-09T21:23:29.564Z",
        "user": [
            "ddsnowboard"
        ],
        "content_type": [
            "stocks",
            "stocksuggestion"
        ],
        "object_id": "1",
        "object_repr": "StockSuggestion object",
        "action_flag": 3,
        "change_message": ""
    }
},
{
    "model": "admin.logentry",
    "pk": 59,
    "fields": {
        "action_time": "2015-12-12T17:37:26.209Z",
        "user": [
            "ddsnowboard"
        ],
        "content_type": [
            "stocks",
            "stock"
        ],
        "object_id": "51",
        "object_repr": "Elbit Imaging Ltd. (EMITF)",
        "action_flag": 3,
        "change_message": ""
    }
},
{
    "model": "admin.logentry",
    "pk": 60,
    "fields": {
        "action_time": "2015-12-12T17:48:02.352Z",
        "user": [
            "ddsnowboard"
        ],
        "content_type": [
            "stocks",
            "stock"
        ],
        "object_id": "52",
        "object_repr": "iShares S&amp;P Emerging Markets In (EMIF)",
        "action_flag": 3,
        "change_message": ""
    }
},
{
    "model": "admin.logentry",
    "pk": 61,
    "fields": {
        "action_time": "2015-12-12T19:59:53.022Z",
        "user": [
            "ddsnowboard"
        ],
        "content_type": [
            "stocks",
            "stock"
        ],
        "object_id": "55",
        "object_repr": "Lehman ABS 3.50 3.50% Adjustabl (JBK)",
        "action_flag": 3,
        "change_message": ""
    }
},
{
    "model": "admin.logentry",
    "pk": 62,
    "fields": {
        "action_time": "2015-12-12T19:59:53.037Z",
        "user": [
            "ddsnowboard"
        ],
        "content_type": [
            "stocks",
            "stock"
        ],
        "object_id": "54",
        "object_repr": "Goldman Sachs Group, Inc. (The) (GS)",
        "action_flag": 3,
        "change_message": ""
    }
},
{
    "model": "admin.logentry",
    "pk": 63,
    "fields": {
        "action_time": "2015-12-12T20:01:08.779Z",
        "user": [
            "ddsnowboard"
        ],
        "content_type": [
            "stocks",
            "stock"
        ],
        "object_id": "56",
        "object_repr": "Corts 7.625 Pfd Common Stock (KTP)",
        "action_flag": 3,
        "change_message": ""
    }
},
{
    "model": "admin.logentry",
    "pk": 64,
    "fields": {
        "action_time": "2015-12-12T20:02:26.601Z",
        "user": [
            "ddsnowboard"
        ],
        "content_type": [
            "stocks",
            "stock"
        ],
        "object_id": "57",
        "object_repr": "LookSmart, Ltd. (LOOK)",
        "action_flag": 3,
        "change_message": ""
    }
},
{
    "model": "admin.logentry",
    "pk": 65,
    "fields": {
        "action_time": "2015-12-16T18:57:40.854Z",
        "user": [
            "ddsnowboard"
        ],
        "content_type": [
            "stocks",
            "stock"
        ],
        "object_id": "66",
        "object_repr": "Berkshire Hathaway Inc. New Com (BRK-B)",
        "action_flag": 3,
        "change_message": ""
    }
},
{
    "model": "admin.logentry",
    "pk": 66,
    "fields": {
        "action_time": "2015-12-18T16:36:02.353Z",
        "user": [
            "ddsnowboard"
        ],
        "content_type": [
            "stocks",
            "player"
        ],
        "object_id": "22",
        "object_repr": "JoeSchmo on PermissiveFloor",
        "action_flag": 2,
        "change_message": "Changed points."
    }
},
{
    "model": "admin.logentry",
    "pk": 67,
    "fields": {
        "action_time": "2015-12-18T16:36:10.299Z",
        "user": [
            "ddsnowboard"
        ],
        "content_type": [
            "stocks",
            "player"
        ],
        "object_id": "21",
        "object_repr": "Floor on PermissiveFloor",
        "action_flag": 2,
        "change_message": "No fields changed."
    }
},
{
    "model": "admin.logentry",
    "pk": 68,
    "fields": {
        "action_time": "2015-12-18T16:36:14.453Z",
        "user": [
            "ddsnowboard"
        ],
        "content_type": [
            "stocks",
            "player"
        ],
        "object_id": "21",
        "object_repr": "Floor on PermissiveFloor",
        "action_flag": 2,
        "change_message": "Changed points."
    }
},
{
    "model": "admin.logentry",
    "pk": 69,
    "fields": {
        "action_time": "2015-12-18T16:36:19.376Z",
        "user": [
            "ddsnowboard"
        ],
        "content_type": [
            "stocks",
            "player"
        ],
        "object_id": "20",
        "object_repr": "ddsnowboard on PermissiveFloor",
        "action_flag": 2,
        "change_message": "Changed points."
    }
},
{
    "model": "admin.logentry",
    "pk": 70,
    "fields": {
        "action_time": "2015-12-18T16:36:23.481Z",
        "user": [
            "ddsnowboard"
        ],
        "content_type": [
            "stocks",
            "player"
        ],
        "object_id": "20",
        "object_repr": "ddsnowboard on PermissiveFloor",
        "action_flag": 2,
        "change_message": "Changed points."
    }
},
{
    "model": "admin.logentry",
    "pk": 71,
    "fields": {
        "action_time": "2015-12-18T16:36:29.699Z",
        "user": [
            "ddsnowboard"
        ],
        "content_type": [
            "stocks",
            "player"
        ],
        "object_id": "3",
        "object_repr": "JoeSchmo on FirstFloor",
        "action_flag": 2,
        "change_message": "Changed points."
    }
},
{
    "model": "admin.logentry",
    "pk": 72,
    "fields": {
        "action_time": "2015-12-18T16:36:33.849Z",
        "user": [
            "ddsnowboard"
        ],
        "content_type": [
            "stocks",
            "player"
        ],
        "object_id": "1",
        "object_repr": "ddsnowboard on FirstFloor",
        "action_flag": 2,
        "change_message": "Changed points."
    }
},
{
    "model": "admin.logentry",
    "pk": 73,
    "fields": {
        "action_time": "2015-12-23T18:51:22.858Z",
        "user": [
            "ddsnowboard"
        ],
        "content_type": [
            "stocks",
            "floor"
        ],
        "object_id": "1",
        "object_repr": "FirstFloor",
        "action_flag": 2,
        "change_message": "Changed num_stocks."
    }
},
{
    "model": "admin.logentry",
    "pk": 74,
    "fields": {
        "action_time": "2015-12-23T18:51:33.710Z",
        "user": [
            "ddsnowboard"
        ],
        "content_type": [
            "stocks",
            "floor"
        ],
        "object_id": "1",
        "object_repr": "FirstFloor",
        "action_flag": 2,
        "change_message": "Changed num_stocks."
    }
},
{
    "model": "admin.logentry",
    "pk": 75,
    "fields": {
        "action_time": "2015-12-24T19:10:52.575Z",
        "user": [
            "ddsnowboard"
        ],
        "content_type": [
            "stocks",
            "floor"
        ],
        "object_id": "9",
        "object_repr": "TinyFloor",
        "action_flag": 3,
        "change_message": ""
    }
},
{
    "model": "admin.logentry",
    "pk": 76,
    "fields": {
        "action_time": "2015-12-26T22:49:36.444Z",
        "user": [
            "ddsnowboard"
        ],
        "content_type": [
            "stocks",
            "trade"
        ],
        "object_id": "63",
        "object_repr": "Trade from JoeSchmo to Floor on TinyFloor",
        "action_flag": 3,
        "change_message": ""
    }
},
{
    "model": "admin.logentry",
    "pk": 77,
    "fields": {
        "action_time": "2015-12-26T23:20:50.034Z",
        "user": [
            "ddsnowboard"
        ],
        "content_type": [
            "stocks",
            "stock"
        ],
        "object_id": "78",
        "object_repr": "Viacom Inc. (VIA)",
        "action_flag": 3,
        "change_message": ""
    }
},
{
    "model": "admin.logentry",
    "pk": 78,
    "fields": {
        "action_time": "2015-12-26T23:28:56.158Z",
        "user": [
            "ddsnowboard"
        ],
        "content_type": [
            "stocks",
            "player"
        ],
        "object_id": "32",
        "object_repr": "JoeSchmo on TinyFloor",
        "action_flag": 2,
        "change_message": "Changed stocks."
    }
},
{
    "model": "admin.logentry",
    "pk": 79,
    "fields": {
        "action_time": "2015-12-26T23:29:02.986Z",
        "user": [
            "ddsnowboard"
        ],
        "content_type": [
            "stocks",
            "player"
        ],
        "object_id": "31",
        "object_repr": "Floor on TinyFloor",
        "action_flag": 2,
        "change_message": "Changed stocks."
    }
},
{
    "model": "admin.logentry",
    "pk": 80,
    "fields": {
        "action_time": "2015-12-26T23:29:44.668Z",
        "user": [
            "ddsnowboard"
        ],
        "content_type": [
            "stocks",
            "stock"
        ],
        "object_id": "79",
        "object_repr": "Viacom Inc. (VIA)",
        "action_flag": 3,
        "change_message": ""
    }
},
{
    "model": "admin.logentry",
    "pk": 81,
    "fields": {
        "action_time": "2015-12-27T00:37:45.019Z",
        "user": [
            "ddsnowboard"
        ],
        "content_type": [
            "stocks",
            "stock"
        ],
        "object_id": "80",
        "object_repr": "Viacom Inc. (VIA)",
        "action_flag": 3,
        "change_message": ""
    }
},
{
    "model": "admin.logentry",
    "pk": 82,
    "fields": {
        "action_time": "2015-12-27T00:42:17.447Z",
        "user": [
            "ddsnowboard"
        ],
        "content_type": [
            "stocks",
            "stock"
        ],
        "object_id": "81",
        "object_repr": "Viacom Inc. (VIA)",
        "action_flag": 3,
        "change_message": ""
    }
},
{
    "model": "admin.logentry",
    "pk": 83,
    "fields": {
        "action_time": "2015-12-27T00:54:59.602Z",
        "user": [
            "ddsnowboard"
        ],
        "content_type": [
            "stocks",
            "stock"
        ],
        "object_id": "82",
        "object_repr": "Viacom Inc. (VIA)",
        "action_flag": 3,
        "change_message": ""
    }
},
{
    "model": "admin.logentry",
    "pk": 84,
    "fields": {
        "action_time": "2015-12-27T01:04:38.407Z",
        "user": [
            "ddsnowboard"
        ],
        "content_type": [
            "stocks",
            "stock"
        ],
        "object_id": "46",
        "object_repr": "Exxon Mobil Corporation Common  (XOM)",
        "action_flag": 3,
        "change_message": ""
    }
},
{
    "model": "admin.logentry",
    "pk": 85,
    "fields": {
        "action_time": "2015-12-27T01:06:15.338Z",
        "user": [
            "ddsnowboard"
        ],
        "content_type": [
            "stocks",
            "stock"
        ],
        "object_id": "84",
        "object_repr": "Exxon Mobil Corporation Common  (XOM)",
        "action_flag": 3,
        "change_message": ""
    }
},
{
    "model": "admin.logentry",
    "pk": 86,
    "fields": {
        "action_time": "2015-12-27T01:08:53.241Z",
        "user": [
            "ddsnowboard"
        ],
        "content_type": [
            "stocks",
            "stock"
        ],
        "object_id": "85",
        "object_repr": "Exxon Mobil Corporation Common  (XOM)",
        "action_flag": 3,
        "change_message": ""
    }
},
{
    "model": "admin.logentry",
    "pk": 87,
    "fields": {
        "action_time": "2015-12-30T00:17:18.680Z",
        "user": [
            "ddsnowboard"
        ],
        "content_type": [
            "stocks",
            "floor"
        ],
        "object_id": "11",
        "object_repr": "PrivateFloor",
        "action_flag": 3,
        "change_message": ""
    }
},
{
    "model": "admin.logentry",
    "pk": 88,
    "fields": {
        "action_time": "2016-01-03T22:24:21.119Z",
        "user": [
            "ddsnowboard"
        ],
        "content_type": [
            "stocks",
            "floor"
        ],
        "object_id": "13",
        "object_repr": "FloorTest",
        "action_flag": 3,
        "change_message": ""
    }
},
{
    "model": "admin.logentry",
    "pk": 89,
    "fields": {
        "action_time": "2016-01-03T22:30:46.988Z",
        "user": [
            "ddsnowboard"
        ],
        "content_type": [
            "stocks",
            "floor"
        ],
        "object_id": "13",
        "object_repr": "FloorTest1",
        "action_flag": 3,
        "change_message": ""
    }
},
{
    "model": "admin.logentry",
    "pk": 90,
    "fields": {
        "action_time": "2016-01-03T22:30:47.001Z",
        "user": [
            "ddsnowboard"
        ],
        "content_type": [
            "stocks",
            "floor"
        ],
        "object_id": "5",
        "object_repr": "FloorTest",
        "action_flag": 3,
        "change_message": ""
    }
},
{
    "model": "admin.logentry",
    "pk": 91,
    "fields": {
        "action_time": "2016-01-22T15:08:26.094Z",
        "user": [
            "ddsnowboard"
        ],
        "content_type": [
            "stocks",
            "floor"
        ],
        "object_id": "14",
        "object_repr": "Snapple",
        "action_flag": 3,
        "change_message": ""
    }
},
{
    "model": "admin.logentry",
    "pk": 92,
    "fields": {
        "action_time": "2016-01-22T15:13:31.579Z",
        "user": [
            "ddsnowboard"
        ],
        "content_type": [
            "stocks",
            "floor"
        ],
        "object_id": "15",
        "object_repr": "pollolock",
        "action_flag": 3,
        "change_message": ""
    }
},
{
    "model": "admin.logentry",
    "pk": 93,
    "fields": {
        "action_time": "2016-01-22T15:14:43.709Z",
        "user": [
            "ddsnowboard"
        ],
        "content_type": [
            "stocks",
            "floor"
        ],
        "object_id": "16",
        "object_repr": "tester",
        "action_flag": 3,
        "change_message": ""
    }
},
{
    "model": "admin.logentry",
    "pk": 94,
    "fields": {
        "action_time": "2016-02-26T01:54:21.841Z",
        "user": [
            "ddsnowboard"
        ],
        "content_type": [
            "stocks",
            "player"
        ],
        "object_id": "1",
        "object_repr": "ddsnowboard on FirstFloor",
        "action_flag": 2,
        "change_message": "Changed stocks."
    }
},
{
    "model": "admin.logentry",
    "pk": 95,
    "fields": {
        "action_time": "2016-02-26T02:09:29.223Z",
        "user": [
            "ddsnowboard"
        ],
        "content_type": [
            "stocks",
            "player"
        ],
        "object_id": "1",
        "object_repr": "ddsnowboard on FirstFloor",
        "action_flag": 2,
        "change_message": "Changed stocks."
    }
},
{
    "model": "admin.logentry",
    "pk": 96,
    "fields": {
        "action_time": "2016-02-26T02:10:15.718Z",
        "user": [
            "ddsnowboard"
        ],
        "content_type": [
            "stocks",
            "player"
        ],
        "object_id": "1",
        "object_repr": "ddsnowboard on FirstFloor",
        "action_flag": 2,
        "change_message": "Changed stocks."
    }
},
{
    "model": "admin.logentry",
    "pk": 97,
    "fields": {
        "action_time": "2016-10-06T01:57:34.785Z",
        "user": [
            "ddsnowboard"
        ],
        "content_type": [
            "stocks",
            "stock"
        ],
        "object_id": "31",
        "object_repr": "AdvisorShares Sunrise Global Mu (MULT)",
        "action_flag": 3,
        "change_message": ""
    }
},
{
    "model": "admin.logentry",
    "pk": 98,
    "fields": {
        "action_time": "2017-04-02T02:29:28.582Z",
        "user": [
            "ddsnowboard"
        ],
        "content_type": [
            "stocks",
            "stock"
        ],
        "object_id": "33",
        "object_repr": "Gyrodyne , LLC (GYRO)",
        "action_flag": 3,
        "change_message": ""
    }
},
{
    "model": "admin.logentry",
    "pk": 99,
    "fields": {
        "action_time": "2017-04-02T02:32:19.733Z",
        "user": [
            "ddsnowboard"
        ],
        "content_type": [
            "stocks",
            "stock"
        ],
        "object_id": "77",
        "object_repr": "1347 Capital Corp. (TFSCU)",
        "action_flag": 3,
        "change_message": ""
    }
},
{
    "model": "admin.logentry",
    "pk": 100,
    "fields": {
        "action_time": "2017-04-02T02:32:19.742Z",
        "user": [
            "ddsnowboard"
        ],
        "content_type": [
            "stocks",
            "stock"
        ],
        "object_id": "27",
        "object_repr": "1347 Capital Corp. (TFSC)",
        "action_flag": 3,
        "change_message": ""
    }
},
{
    "model": "admin.logentry",
    "pk": 101,
    "fields": {
        "action_time": "2017-04-02T02:32:19.748Z",
        "user": [
            "ddsnowboard"
        ],
        "content_type": [
            "stocks",
            "stock"
        ],
        "object_id": "12",
        "object_repr": "1347 Capital Corp. (TFSCR)",
        "action_flag": 3,
        "change_message": ""
    }
},
{
    "model": "admin.logentry",
    "pk": 102,
    "fields": {
        "action_time": "2017-04-02T02:34:03.786Z",
        "user": [
            "ddsnowboard"
        ],
        "content_type": [
            "stocks",
            "stock"
        ],
        "object_id": "72",
        "object_repr": "You On Demand Holdings, Inc. (YOD)",
        "action_flag": 3,
        "change_message": ""
    }
},
{
    "model": "admin.logentry",
    "pk": 103,
    "fields": {
        "action_time": "2017-04-02T02:34:03.803Z",
        "user": [
            "ddsnowboard"
        ],
        "content_type": [
            "stocks",
            "stock"
        ],
        "object_id": "60",
        "object_repr": "Joe's Jeans Inc. (JOEZ)",
        "action_flag": 3,
        "change_message": ""
    }
},
{
    "model": "admin.logentry",
    "pk": 104,
    "fields": {
        "action_time": "2017-04-02T02:34:03.811Z",
        "user": [
            "ddsnowboard"
        ],
        "content_type": [
            "stocks",
            "stock"
        ],
        "object_id": "58",
        "object_repr": "LookSmart, Ltd. (LOOK)",
        "action_flag": 3,
        "change_message": ""
    }
},
{
    "model": "admin.logentry",
    "pk": 105,
    "fields": {
        "action_time": "2017-04-02T02:34:51.686Z",
        "user": [
            "ddsnowboard"
        ],
        "content_type": [
            "stocks",
            "stock"
        ],
        "object_id": "26",
        "object_repr": "1st Century Bancshares, Inc (FCTY)",
        "action_flag": 3,
        "change_message": ""
    }
}
]
